[{"model": "sessions.session", "pk": "77n1v6wkzdazbical18of2kvgzlhqzl4", "fields": {"session_data": ".eJxVjEEOwiAQRe_C2pAyMKAu3XuGZhgYqRpISrsy3l2bdKHb_977LzXSupRx7Xkep6TOCtThd4vEj1w3kO5Ub01zq8s8Rb0peqddX1vKz8vu_h0U6uVbC7M7ikTEITuMCY0zliwGRGELxnsnPno7AECyOZyyDQaEIxpkIVDvD-AEN5Y:1unHPQ:PsSkC1dc8ReaLrq6wiV5gltXWgm2A8GMi64iOFrwW_w", "expire_date": "2025-08-30T13:57:24.773Z"}}, {"model": "sessions.session", "pk": "h1uhfhhjh0l9cdfen7zy2h4wnuhvozyb", "fields": {"session_data": ".eJxVjDsOwjAQBe_iGln-L6akzxmsXa-DA8iR4qRC3B0ipYD2zcx7iYTbWtPWy5ImFhehxel3I8yP0nbAd2y3Wea5rctEclfkQbscZi7P6-H-HVTs9VuDhtH6mENBhojKUwxsrLZj9CVbrxQY7wnJkIqcIYcz2egckFOqGBbvD9QwN3A:1uo1Yj:VLeADy_PFUpk65O9Rz-oDvIL6Z8qCnCsE3ppeMNZQnE", "expire_date": "2025-08-19T15:14:05.329Z"}}, {"model": "sessions.session", "pk": "ohuvxl8bvshes5tmy037qms6wizrnvo0", "fields": {"session_data": ".eJxVjDsOwjAQBe_iGln-L6akzxmsXa-DA8iR4qRC3B0ipYD2zcx7iYTbWtPWy5ImFhehxel3I8yP0nbAd2y3Wea5rctEclfkQbscZi7P6-H-HVTs9VuDhtH6mENBhojKUwxsrLZj9CVbrxQY7wnJkIqcIYcz2egckFOqGBbvD9QwN3A:1unHsI:7rEyclcUYg451I-r7gZVkMj_SQJhpmmRhGh6kIFSR4A", "expire_date": "2025-08-30T14:27:14.257Z"}}, {"model": "sessions.session", "pk": "pe0iublzyp7mctkcde3rnkem0m7kofb3", "fields": {"session_data": ".eJxVjDsOwjAQBe_iGln-L6akzxmsXa-DA8iR4qRC3B0ipYD2zcx7iYTbWtPWy5ImFhehxel3I8yP0nbAd2y3Wea5rctEclfkQbscZi7P6-H-HVTs9VuDhtH6mENBhojKUwxsrLZj9CVbrxQY7wnJkIqcIYcz2egckFOqGBbvD9QwN3A:1uoMkT:QHz4wDQZPIzUlPcb33tBnnf64n-xDZ_6ZSDaqVkXwa8", "expire_date": "2025-08-20T13:51:37.075Z"}}, {"model": "sessions.session", "pk": "wh5r759eg5opbdya39a5i9x8bvat9wq0", "fields": {"session_data": ".eJxVjEEOgjAQRe_StWk6U5ihLt17BjJDi6CmTSisjHdXEha6_e-9_zK9bOvUbzUt_RzN2Xhz-t1UhkfKO4h3ybdih5LXZVa7K_ag1V5LTM_L4f4dTFKnb53IS2BPwh2B145GxsYBNNipIHALCugCIDMFVR2Vh-BYWqIUHZJ5fwCrAzaA:1unaU7:wyVETvCoYnULSryN_T2pgL1DSOlRcE6qQg-7R6kYFkY", "expire_date": "2025-08-18T10:19:31.781Z"}}, {"model": "sessions.session", "pk": "xtyp3h8haftut6pgnyftgc2ce20ybk8f", "fields": {"session_data": ".eJxVjEEOgjAQRe_StWk6U5ihLt17BjJDi6CmTSisjHdXEha6_e-9_zK9bOvUbzUt_RzN2Xhz-t1UhkfKO4h3ybdih5LXZVa7K_ag1V5LTM_L4f4dTFKnb53IS2BPwh2B145GxsYBNNipIHALCugCIDMFVR2Vh-BYWqIUHZJ5fwCrAzaA:1uoniS:2MExTUgZgLrbRcQcHKrMG_M679Q-GTo-oxG3nauShnI", "expire_date": "2025-08-21T18:39:20.184Z"}}, {"model": "voting.customuser", "fields": {"password": "pbkdf2_sha256$1000000$lQIPUwo6F80u9FlYfUTN4U$ZO/HV5dABCeM5cl3RobU8DNprSVc4tWUdV5eaK5BViM=", "last_login": "2025-10-04T19:38:05.500Z", "is_superuser": true, "username": "admin", "first_name": "", "last_name": "", "email": "admin@gmail.com", "is_staff": true, "date_joined": "2025-08-16T10:06:17.083Z", "role": "voter", "mobile": "", "is_verified": false, "is_active": true, "last_login_ip": null, "failed_login_attempts": 0, "is_locked": false, "lock_time": null, "groups": [], "user_permissions": []}}, {"model": "voting.customuser", "fields": {"password": "pbkdf2_sha256$1000000$Wa9aNhLDcfdrYEPxkoVnLm$C2XcFjVhmvDD8qdVSlQBK96kwsD/y/0822YrbrnI5t8=", "last_login": "2025-08-16T13:57:24.767Z", "is_superuser": false, "username": "ESH1234567", "first_name": "", "last_name": "", "email": "", "is_staff": false, "date_joined": "2025-08-16T12:43:55.119Z", "role": "voter", "mobile": "", "is_verified": false, "is_active": true, "last_login_ip": null, "failed_login_attempts": 0, "is_locked": false, "lock_time": null, "groups": [], "user_permissions": []}}, {"model": "voting.customuser", "fields": {"password": "pbkdf2_sha256$1000000$nAD9Gw5qGu74x1jQlhtaOb$b2YiC9+Zy9Yc6nJIectigL9n7Py7dQRG9A0UcwOEwoM=", "last_login": "2025-10-04T19:36:51.786Z", "is_superuser": false, "username": "AKS1234567", "first_name": "", "last_name": "", "email": "", "is_staff": false, "date_joined": "2025-08-17T09:56:02.123Z", "role": "voter", "mobile": "", "is_verified": false, "is_active": true, "last_login_ip": "127.0.0.1", "failed_login_attempts": 0, "is_locked": false, "lock_time": null, "groups": [], "user_permissions": []}}, {"model": "voting.customuser", "fields": {"password": "pbkdf2_sha256$1000000$Ascnm6vfJUOxB1Qv5u6IzW$seNtReqOu2TYEjtQSwQ9uJs7l6JCzrf0AkCTNdYyg50=", "last_login": null, "is_superuser": false, "username": "BLA1234567", "first_name": "", "last_name": "", "email": "", "is_staff": false, "date_joined": "2025-08-18T15:12:44.319Z", "role": "voter", "mobile": "", "is_verified": false, "is_active": true, "last_login_ip": null, "failed_login_attempts": 0, "is_locked": false, "lock_time": null, "groups": [], "user_permissions": []}}, {"model": "voting.customuser", "fields": {"password": "pbkdf2_sha256$1000000$EbZhW276zqhieCNLAW36Bv$Q1UpAMUk0BD4DDL69VVO7W21sW+3Rqv/o2bt2HvKV1A=", "last_login": "2025-08-29T18:59:30.827Z", "is_superuser": false, "username": "SAM1234567", "first_name": "", "last_name": "", "email": "", "is_staff": false, "date_joined": "2025-08-20T12:28:14.727Z", "role": "voter", "mobile": "9029745425", "is_verified": false, "is_active": true, "last_login_ip": "127.0.0.1", "failed_login_attempts": 1, "is_locked": false, "lock_time": null, "groups": [], "user_permissions": []}}, {"model": "voting.customuser", "fields": {"password": "pbkdf2_sha256$1000000$okJT1m4U7SvhRdnAeOjSbA$1cEUgS3OXDWDzwl2Np60X+DHByYYuG/LLdqPmQuqO8o=", "last_login": "2025-08-20T18:18:19.423Z", "is_superuser": false, "username": "MOM1234567", "first_name": "", "last_name": "", "email": "", "is_staff": false, "date_joined": "2025-08-20T12:55:38.056Z", "role": "voter", "mobile": "9029745425", "is_verified": false, "is_active": true, "last_login_ip": "127.0.0.1", "failed_login_attempts": 0, "is_locked": false, "lock_time": null, "groups": [], "user_permissions": []}}, {"model": "voting.customuser", "fields": {"password": "pbkdf2_sha256$1000000$ScNakQPtOJKlU5vSc9FEKT$o9qJUPDIRyA9qlZXJb+HNdEdZGtqYov9cr3cNLQ7d8k=", "last_login": "2025-10-04T19:11:51.426Z", "is_superuser": false, "username": "ABC1234567", "first_name": "", "last_name": "", "email": "", "is_staff": false, "date_joined": "2025-08-21T06:24:43.707Z", "role": "voter", "mobile": "7738813072", "is_verified": false, "is_active": true, "last_login_ip": "127.0.0.1", "failed_login_attempts": 0, "is_locked": false, "lock_time": null, "groups": [], "user_permissions": []}}, {"model": "voting.voter", "pk": 1, "fields": {"user": ["ESH1234567"], "first_name": "Eshanika", "last_name": "Amballa", "email": "eshanikaamballa@gmail.com", "mobile": "8369653702", "date_of_birth": "2005-09-22", "gender": "Female", "parent_spouse_name": "Shridhar Amballa", "street_address": "200/2345, sector 6, CGS Colony, Antophill,Mumbai", "city": "Mumbai", "state": "Maharashtra", "pincode": "400037", "place_of_birth": "Mumbai", "voter_id": "ESH1234567", "aadhar_number": "123456789222", "pan_number": "ESHAA1234A", "constituency": "", "district": "", "assembly_constituency": "", "parliamentary_constituency": "", "approval_status": "approved", "approved_by": ["admin"], "approval_date": "2025-08-20T12:31:03.883Z", "rejection_reason": null, "aadhar_verified": false, "pan_verified": false, "voter_id_verified": false, "face_recognition_verified": false, "face_encoding": "", "created_at": "2025-08-16T12:43:55.955Z", "updated_at": "2025-08-20T12:31:03.883Z"}}, {"model": "voting.voter", "pk": 2, "fields": {"user": ["AKS1234567"], "first_name": "Akshaj", "last_name": "Amballa", "email": "akshaj123@gmail.com", "mobile": "9029745425", "date_of_birth": "2006-09-13", "gender": "Male", "parent_spouse_name": "Samiksha Amballa", "street_address": "200/2345, sec 6 antophill cgs colony", "city": "mumbai", "state": "Maharashtra", "pincode": "400037", "place_of_birth": "mumbai", "voter_id": "AKS1234567", "aadhar_number": "836965370212", "pan_number": "AKSHA1234J", "constituency": "", "district": "", "assembly_constituency": "", "parliamentary_constituency": "", "approval_status": "approved", "approved_by": ["admin"], "approval_date": "2025-08-17T10:17:22.672Z", "rejection_reason": null, "aadhar_verified": false, "pan_verified": false, "voter_id_verified": false, "face_recognition_verified": false, "face_encoding": "", "created_at": "2025-08-17T09:56:03.341Z", "updated_at": "2025-08-17T10:17:22.672Z"}}, {"model": "voting.voter", "pk": 3, "fields": {"user": ["BLA1234567"], "first_name": "BlaBla", "last_name": "Bla", "email": "bla@gmail.com", "mobile": "6234567890", "date_of_birth": "2006-07-11", "gender": "Female", "parent_spouse_name": "blather", "street_address": "1234/223, street", "city": "mumbai", "state": "Maharashtra", "pincode": "400037", "place_of_birth": "mumbai", "voter_id": "BLA1234567", "aadhar_number": "123456789222", "pan_number": "BLAAA1234A", "constituency": "", "district": "", "assembly_constituency": "", "parliamentary_constituency": "", "approval_status": "approved", "approved_by": ["admin"], "approval_date": "2025-08-18T15:18:00.231Z", "rejection_reason": null, "aadhar_verified": false, "pan_verified": false, "voter_id_verified": false, "face_recognition_verified": false, "face_encoding": "", "created_at": "2025-08-18T15:12:45.735Z", "updated_at": "2025-08-18T15:18:00.231Z"}}, {"model": "voting.voter", "pk": 4, "fields": {"user": ["SAM1234567"], "first_name": "Samiksha", "last_name": "Amballa", "email": "samiksha@gmail.com", "mobile": "9029745425", "date_of_birth": "1997-08-19", "gender": "Female", "parent_spouse_name": "Kamla Racha", "street_address": "22/2233, abc street", "city": "hyderabad", "state": "Telangana", "pincode": "500047", "place_of_birth": "hyderabad", "voter_id": "SAM1234567", "aadhar_number": "123456789555", "pan_number": "SAMIK1234S", "constituency": "", "district": "", "assembly_constituency": "", "parliamentary_constituency": "", "approval_status": "approved", "approved_by": ["admin"], "approval_date": "2025-08-20T16:36:32.903Z", "rejection_reason": null, "aadhar_verified": false, "pan_verified": false, "voter_id_verified": false, "face_recognition_verified": false, "face_encoding": "", "created_at": "2025-08-20T12:28:15.702Z", "updated_at": "2025-08-20T16:36:32.903Z"}}, {"model": "voting.voter", "pk": 5, "fields": {"user": ["MOM1234567"], "first_name": "Samiksha", "last_name": "Amballa", "email": "sam@gmail.com", "mobile": "9029745425", "date_of_birth": "2006-08-15", "gender": "Female", "parent_spouse_name": "Kamla Racha", "street_address": "idk street", "city": "mumbai", "state": "Maharashtra", "pincode": "400057", "place_of_birth": "mumbai", "voter_id": "MOM1234567", "aadhar_number": "123456789000", "pan_number": "SAMIK1234S", "constituency": "", "district": "", "assembly_constituency": "", "parliamentary_constituency": "", "approval_status": "approved", "approved_by": ["admin"], "approval_date": "2025-08-20T12:56:36.391Z", "rejection_reason": null, "aadhar_verified": false, "pan_verified": false, "voter_id_verified": false, "face_recognition_verified": false, "face_encoding": "", "created_at": "2025-08-20T12:55:39.132Z", "updated_at": "2025-08-20T12:56:36.391Z"}}, {"model": "voting.voter", "pk": 6, "fields": {"user": ["ABC1234567"], "first_name": "Ketaki ", "last_name": "Patil", "email": "ketakinp19@gmail.com", "mobile": "7738813072", "date_of_birth": "2005-03-19", "gender": "Female", "parent_spouse_name": "Nitin Patil", "street_address": "rose valley", "city": "mumbai", "state": "Maharashtra", "pincode": "421130", "place_of_birth": "mumbai", "voter_id": "ABC1234567", "aadhar_number": "123456789023", "pan_number": "ABCDE1234F", "constituency": "", "district": "", "assembly_constituency": "", "parliamentary_constituency": "", "approval_status": "approved", "approved_by": ["admin"], "approval_date": "2025-08-21T06:26:38.341Z", "rejection_reason": null, "aadhar_verified": false, "pan_verified": false, "voter_id_verified": false, "face_recognition_verified": false, "face_encoding": "", "created_at": "2025-08-21T06:24:44.745Z", "updated_at": "2025-08-21T06:26:38.341Z"}}, {"model": "voting.election", "pk": "0da73345-a058-4543-a24c-f439b062c907", "fields": {"name": "demo", "state": "Maharashtra", "city": "", "district": "", "election_type": "General Election", "year": 2025, "start_date": "2025-10-01T02:30:00Z", "end_date": "2025-10-31T15:30:00Z", "status": "active", "is_active": true, "consensus_threshold": 51, "consensus_status": "pending", "block_hash": "232839972c61ba271fba9b784e0072623c2f39208dea86bfd1ba4f155ec49ebb", "previous_block_hash": "", "merkle_root": "", "synchronized_start_time": null, "synchronized_end_time": null, "ntp_server": "pool.ntp.org", "primary_server": "127.0.0.1:8080", "backup_servers": [], "replication_factor": 3, "created_at": "2025-10-04T13:16:22.280Z", "updated_at": "2025-10-04T14:18:27.441Z"}}, {"model": "voting.election", "pk": "224c6310-c935-4aa2-a9bd-8dabca755e54", "fields": {"name": "new demo", "state": "Maharashtra", "city": "", "district": "", "election_type": "Municipal", "year": 2025, "start_date": "2025-10-01T03:30:00Z", "end_date": "2025-10-31T15:30:00Z", "status": "active", "is_active": true, "consensus_threshold": 51, "consensus_status": "pending", "block_hash": "01cceb41527fc7cb78613d5ca370a8ae0c967453eddb2d2dba069e925d51dbb0", "previous_block_hash": "", "merkle_root": "", "synchronized_start_time": null, "synchronized_end_time": null, "ntp_server": "pool.ntp.org", "primary_server": "127.0.0.1:8080", "backup_servers": [], "replication_factor": 3, "created_at": "2025-10-04T18:58:56.741Z", "updated_at": "2025-10-04T19:00:06.390Z"}}, {"model": "voting.election", "pk": "32739dda-2213-4fd1-80ee-3eec0b8083f9", "fields": {"name": "Maharashtra Municipal Election 2025", "state": "Maharashtra", "city": "", "district": "", "election_type": "Municipal", "year": 2025, "start_date": "2025-08-20T12:30:00Z", "end_date": "2025-09-22T12:30:00Z", "status": "completed", "is_active": true, "consensus_threshold": 51, "consensus_status": "pending", "block_hash": "54490818e91658ca791c48f4abf90518f1789a8cc11309c1ea10d8a32bbe82ea", "previous_block_hash": "", "merkle_root": "", "synchronized_start_time": null, "synchronized_end_time": null, "ntp_server": "pool.ntp.org", "primary_server": "127.0.0.1:8000", "backup_servers": [], "replication_factor": 3, "created_at": "2025-08-20T12:40:34.089Z", "updated_at": "2025-10-04T18:55:11.134Z"}}, {"model": "voting.election", "pk": "425e2953-21a0-4675-88df-f6b460c40384", "fields": {"name": "new real demo", "state": "Maharashtra", "city": "", "district": "", "election_type": "State Assembly", "year": 2025, "start_date": "2025-09-30T19:34:00Z", "end_date": "2025-10-30T19:34:00Z", "status": "active", "is_active": true, "consensus_threshold": 51, "consensus_status": "pending", "block_hash": "f871acae3b3111c234d6507fd3253146301791ba857d15f79d3aefa1a8ac06f4", "previous_block_hash": "", "merkle_root": "", "synchronized_start_time": null, "synchronized_end_time": null, "ntp_server": "pool.ntp.org", "primary_server": "127.0.0.1:8080", "backup_servers": [], "replication_factor": 3, "created_at": "2025-10-04T19:34:48.298Z", "updated_at": "2025-10-04T19:35:04.263Z"}}, {"model": "voting.election", "pk": "6734570c-426a-4d41-8db8-fd145dbd7b36", "fields": {"name": "Trial election", "state": "Maharashtra", "city": "", "district": "", "election_type": "General Election", "year": 2025, "start_date": "2025-07-12T00:30:00Z", "end_date": "2025-09-22T12:30:00Z", "status": "completed", "is_active": true, "consensus_threshold": 51, "consensus_status": "pending", "block_hash": "a1a95c0514eda5992edc48f99b5c2f32bc371e4fa4a7547c89b9a54ceebfb87f", "previous_block_hash": "", "merkle_root": "", "synchronized_start_time": null, "synchronized_end_time": null, "ntp_server": "pool.ntp.org", "primary_server": "127.0.0.1:8000", "backup_servers": [], "replication_factor": 3, "created_at": "2025-08-20T17:17:39.778Z", "updated_at": "2025-10-04T18:55:24.975Z"}}, {"model": "voting.candidate", "pk": "27bddf12-700c-41e7-b926-7da35474209e", "fields": {"name": "Priya Sharma", "party": "Congress", "constituency": "Ward 25", "symbol": "B.A. Political Science", "education": "PhD in Political Science", "manifesto": "", "age": null, "criminal_cases": 0, "assets_value": "0.00", "election": "224c6310-c935-4aa2-a9bd-8dabca755e54", "created_at": "2025-08-20T12:41:08.856Z", "verification_hash": "317adde8c5bd7f864547b14fb766ca77038ef0a40fd60afcc9bb006b1a38acf0", "is_verified": true}}, {"model": "voting.candidate", "pk": "357257b4-02ff-4d41-bdb6-5de3dbfee222", "fields": {"name": "Eshanika", "party": "Left Front", "constituency": "Ward 25", "symbol": "Pen", "education": "PhD in Political Science", "manifesto": "", "age": null, "criminal_cases": 0, "assets_value": "0.00", "election": "224c6310-c935-4aa2-a9bd-8dabca755e54", "created_at": "2025-08-20T17:21:00.614Z", "verification_hash": "3811c1e45f49cbf97ac02b6a48975c5169c4fa57cd7aa463d3fdeae473ebab01", "is_verified": true}}, {"model": "voting.candidate", "pk": "5cefeb32-1227-453c-81b9-20b3cc366128", "fields": {"name": "Sneha", "party": "Congress", "constituency": "Ward 45", "symbol": "Book", "education": "PhD in Political Science", "manifesto": "", "age": null, "criminal_cases": 0, "assets_value": "0.00", "election": "425e2953-21a0-4675-88df-f6b460c40384", "created_at": "2025-08-20T17:22:40.998Z", "verification_hash": "254f6ff2a3cea28fa6e1c55e2459495d28da6e8312ed4e74b4276827a83129d3", "is_verified": true}}, {"model": "voting.candidate", "pk": "bfe0c6da-9d74-479b-819d-de5782f2502a", "fields": {"name": "Trial1", "party": "Independent", "constituency": "Mumbai", "symbol": "book", "education": "PhD Law", "manifesto": "", "age": null, "criminal_cases": 0, "assets_value": "0.00", "election": "0da73345-a058-4543-a24c-f439b062c907", "created_at": "2025-10-04T14:37:57.680Z", "verification_hash": "91e096a63cf8915cc9e54fd36815f2af2ff16e61728e022ab806e94ed9d77e0d", "is_verified": true}}, {"model": "voting.candidate", "pk": "c2ba3c80-82e8-433e-ad85-7d7be6250435", "fields": {"name": "Trial2", "party": "BSP", "constituency": "Mumbai", "symbol": "book", "education": "PhD Law", "manifesto": "", "age": null, "criminal_cases": 0, "assets_value": "0.00", "election": "0da73345-a058-4543-a24c-f439b062c907", "created_at": "2025-10-04T14:38:31.736Z", "verification_hash": "c579f18942201398d66443cdca7d02b77885c474f5ac03136d684a38073c93bc", "is_verified": true}}, {"model": "voting.candidate", "pk": "f3f416e1-e28a-457d-97df-79dc0bc72b5a", "fields": {"name": "Trial Candidate", "party": "AAP", "constituency": "Ward 45", "symbol": "Broom", "education": "PhD in Political Science", "manifesto": "", "age": null, "criminal_cases": 0, "assets_value": "0.00", "election": "425e2953-21a0-4675-88df-f6b460c40384", "created_at": "2025-08-20T12:42:33.542Z", "verification_hash": "363a29351609f90d0b23c9e0930b0d6808dd7b78a6e47192901dc59d80780271", "is_verified": true}}, {"model": "voting.vote", "pk": "34389eeb-c516-4bdd-a3e0-75e902b1a419", "fields": {"voter": 2, "candidate": "c2ba3c80-82e8-433e-ad85-7d7be6250435", "election": "0da73345-a058-4543-a24c-f439b062c907", "timestamp": "2025-10-04T19:37:30.133Z", "vote_hash": "a0d300823a73b866c4132b3b60ebe11939c5d17a0b57ab828da512a293864cc5", "previous_vote_hash": "", "nonce": "cb92fb9c086945a38bdc7be4e7407cc9", "status": "pending", "node_confirmations": [], "confirmation_count": 0, "required_confirmations": 3, "backup_nodes": [], "is_replicated": false, "encrypted_vote_data": ""}}, {"model": "voting.vote", "pk": "351f154e-627f-47cc-9a2b-5947440ac70f", "fields": {"voter": 4, "candidate": "357257b4-02ff-4d41-bdb6-5de3dbfee222", "election": "6734570c-426a-4d41-8db8-fd145dbd7b36", "timestamp": "2025-08-29T19:00:44.208Z", "vote_hash": "d9c36d321a7b5895b611eb1a8698843fad2c290e4e15c13006c7f77fc293f51f", "previous_vote_hash": "", "nonce": "67c887f559cc43aab536b57a9a3e45a7", "status": "pending", "node_confirmations": [], "confirmation_count": 0, "required_confirmations": 3, "backup_nodes": [], "is_replicated": false, "encrypted_vote_data": ""}}, {"model": "voting.vote", "pk": "858dca25-6417-45a9-a58b-277db4251dee", "fields": {"voter": 6, "candidate": "bfe0c6da-9d74-479b-819d-de5782f2502a", "election": "0da73345-a058-4543-a24c-f439b062c907", "timestamp": "2025-10-04T14:38:59.109Z", "vote_hash": "66de6173be737a91fe3be976cefe61edb02dc7b8ab232ced4e30d9138d9d9b00", "previous_vote_hash": "", "nonce": "6b55e1b5d61d4e2bacea72ee504c4705", "status": "pending", "node_confirmations": [], "confirmation_count": 0, "required_confirmations": 3, "backup_nodes": [], "is_replicated": false, "encrypted_vote_data": ""}}, {"model": "voting.vote", "pk": "ec4b1449-4d35-4e75-ab7b-22ffd5148cc5", "fields": {"voter": 6, "candidate": "357257b4-02ff-4d41-bdb6-5de3dbfee222", "election": "6734570c-426a-4d41-8db8-fd145dbd7b36", "timestamp": "2025-08-29T18:51:19.806Z", "vote_hash": "11582f36104bbd1eca569ce46cfc38ae4ddb47f8af6ecab294da9547b5a8ad48", "previous_vote_hash": "", "nonce": "3880d68647274bc38daad9ab2633034b", "status": "pending", "node_confirmations": [], "confirmation_count": 0, "required_confirmations": 3, "backup_nodes": [], "is_replicated": false, "encrypted_vote_data": ""}}, {"model": "voting.vote", "pk": "f82ccd95-e260-483e-8bbf-552511412577", "fields": {"voter": 2, "candidate": "f3f416e1-e28a-457d-97df-79dc0bc72b5a", "election": "425e2953-21a0-4675-88df-f6b460c40384", "timestamp": "2025-10-04T19:37:20.129Z", "vote_hash": "904044fc82992360aed346271af5393eff3d3445dced4c6d12328edd35cc0eba", "previous_vote_hash": "", "nonce": "4e2d2f4c16384ed88a3e3d6cb31872c0", "status": "pending", "node_confirmations": [], "confirmation_count": 0, "required_confirmations": 3, "backup_nodes": [], "is_replicated": false, "encrypted_vote_data": ""}}, {"model": "voting.electionnode", "pk": 1, "fields": {"node_id": "node_32739dda-2213-4fd1-80ee-3eec0b8083f9_0", "ip_address": "192.168.1.100", "port": 8000, "status": "active", "last_heartbeat": "2025-08-20T12:40:34.093Z", "election": "32739dda-2213-4fd1-80ee-3eec0b8083f9", "response_time": 0.0, "uptime_percentage": 100.0}}, {"model": "voting.electionnode", "pk": 2, "fields": {"node_id": "node_32739dda-2213-4fd1-80ee-3eec0b8083f9_1", "ip_address": "192.168.1.101", "port": 8001, "status": "active", "last_heartbeat": "2025-08-20T12:40:34.094Z", "election": "32739dda-2213-4fd1-80ee-3eec0b8083f9", "response_time": 0.0, "uptime_percentage": 100.0}}, {"model": "voting.electionnode", "pk": 3, "fields": {"node_id": "node_32739dda-2213-4fd1-80ee-3eec0b8083f9_2", "ip_address": "192.168.1.102", "port": 8002, "status": "active", "last_heartbeat": "2025-08-20T12:40:34.095Z", "election": "32739dda-2213-4fd1-80ee-3eec0b8083f9", "response_time": 0.0, "uptime_percentage": 100.0}}, {"model": "voting.electionnode", "pk": 4, "fields": {"node_id": "5267f604-9c24-4ec5-81ce-11f88fb19b33", "ip_address": "192.168.1.100", "port": 8000, "status": "active", "last_heartbeat": "2025-08-20T17:17:39.780Z", "election": "6734570c-426a-4d41-8db8-fd145dbd7b36", "response_time": 0.0, "uptime_percentage": 100.0}}, {"model": "voting.electionnode", "pk": 5, "fields": {"node_id": "53cfa9cf-920d-4c67-b1d3-af23b314c7e1", "ip_address": "192.168.1.101", "port": 8001, "status": "active", "last_heartbeat": "2025-08-20T17:17:39.782Z", "election": "6734570c-426a-4d41-8db8-fd145dbd7b36", "response_time": 0.0, "uptime_percentage": 100.0}}, {"model": "voting.electionnode", "pk": 6, "fields": {"node_id": "8908a950-837b-4c7e-a4fc-ca0f43028c17", "ip_address": "192.168.1.102", "port": 8002, "status": "active", "last_heartbeat": "2025-08-20T17:17:39.783Z", "election": "6734570c-426a-4d41-8db8-fd145dbd7b36", "response_time": 0.0, "uptime_percentage": 100.0}}, {"model": "voting.electionnode", "pk": 7, "fields": {"node_id": "7bd5a79c-3f92-4a28-8f5a-16680c9afa8e", "ip_address": "192.168.1.100", "port": 8000, "status": "active", "last_heartbeat": "2025-10-04T13:16:22.285Z", "election": "0da73345-a058-4543-a24c-f439b062c907", "response_time": 0.0, "uptime_percentage": 100.0}}, {"model": "voting.electionnode", "pk": 8, "fields": {"node_id": "d0c5a8ea-5d8c-4c19-9f5c-5d02adfebc14", "ip_address": "192.168.1.101", "port": 8001, "status": "active", "last_heartbeat": "2025-10-04T13:16:22.288Z", "election": "0da73345-a058-4543-a24c-f439b062c907", "response_time": 0.0, "uptime_percentage": 100.0}}, {"model": "voting.electionnode", "pk": 9, "fields": {"node_id": "22c75b16-49ae-4d88-b6c9-5581adb4ff32", "ip_address": "192.168.1.102", "port": 8002, "status": "active", "last_heartbeat": "2025-10-04T13:16:22.288Z", "election": "0da73345-a058-4543-a24c-f439b062c907", "response_time": 0.0, "uptime_percentage": 100.0}}, {"model": "voting.electionnode", "pk": 10, "fields": {"node_id": "46fc1bfa-a383-4639-9bd5-4c8feedf264b", "ip_address": "192.168.1.100", "port": 8000, "status": "active", "last_heartbeat": "2025-10-04T18:58:56.747Z", "election": "224c6310-c935-4aa2-a9bd-8dabca755e54", "response_time": 0.0, "uptime_percentage": 100.0}}, {"model": "voting.electionnode", "pk": 11, "fields": {"node_id": "8810b2be-e67f-4dbe-a719-98f075405d8f", "ip_address": "192.168.1.101", "port": 8001, "status": "active", "last_heartbeat": "2025-10-04T18:58:56.749Z", "election": "224c6310-c935-4aa2-a9bd-8dabca755e54", "response_time": 0.0, "uptime_percentage": 100.0}}, {"model": "voting.electionnode", "pk": 12, "fields": {"node_id": "281c0898-4946-4520-b7e0-66319f5eee02", "ip_address": "192.168.1.102", "port": 8002, "status": "active", "last_heartbeat": "2025-10-04T18:58:56.751Z", "election": "224c6310-c935-4aa2-a9bd-8dabca755e54", "response_time": 0.0, "uptime_percentage": 100.0}}, {"model": "voting.electionnode", "pk": 13, "fields": {"node_id": "be7f566b-adc5-4c4f-9d1d-7fd4854e496d", "ip_address": "192.168.1.100", "port": 8000, "status": "active", "last_heartbeat": "2025-10-04T19:34:48.305Z", "election": "425e2953-21a0-4675-88df-f6b460c40384", "response_time": 0.0, "uptime_percentage": 100.0}}, {"model": "voting.electionnode", "pk": 14, "fields": {"node_id": "17ab5e5b-67aa-483e-84d2-54e1a7f1ed1a", "ip_address": "192.168.1.101", "port": 8001, "status": "active", "last_heartbeat": "2025-10-04T19:34:48.306Z", "election": "425e2953-21a0-4675-88df-f6b460c40384", "response_time": 0.0, "uptime_percentage": 100.0}}, {"model": "voting.electionnode", "pk": 15, "fields": {"node_id": "0cb49a44-5ff1-49de-9cb7-48dcba1bf7e1", "ip_address": "192.168.1.102", "port": 8002, "status": "active", "last_heartbeat": "2025-10-04T19:34:48.307Z", "election": "425e2953-21a0-4675-88df-f6b460c40384", "response_time": 0.0, "uptime_percentage": 100.0}}, {"model": "voting.auditlog", "pk": "0042c750-bba2-431d-baf5-5e43ebdb4ebe", "fields": {"log_type": "voter_login", "user": ["AKS1234567"], "election": null, "details": {"voter_id": "AKS1234567"}, "ip_address": "127.0.0.1", "user_agent": "Mozilla/5.0 (Windows NT 10.0; Win64; x64; rv:142.0) Gecko/20100101 Firefox/142.0", "timestamp": "2025-08-29T18:08:28.766Z", "hash_chain": "52215aaccdd2862716cd132c7a30db3b45ebc2901fbae86142aa211ce7340449", "previous_hash": "110a48578a0ac21d5f88f0588f010092192d99931ca9e45986d4c992d7cb1dda"}}, {"model": "voting.auditlog", "pk": "02e9195a-2579-4f2c-ac54-643d30af880a", "fields": {"log_type": "voter_login", "user": ["ABC1234567"], "election": null, "details": {"voter_id": "ABC1234567", "session_id": 13}, "ip_address": "127.0.0.1", "user_agent": "Mozilla/5.0 (Windows NT 10.0; Win64; x64; rv:142.0) Gecko/20100101 Firefox/142.0", "timestamp": "2025-09-25T07:02:20.657Z", "hash_chain": "1034332700ddc76359c58ada13dadddc5c837cfb9f64ead0d23b2ecbbdd49d7b", "previous_hash": "099a56d2261f5d401c2f3f529356f421317f61ef2c4f371906092f5bc6348f59"}}, {"model": "voting.auditlog", "pk": "036f1df5-3a21-4eeb-b48f-e6caef06a843", "fields": {"log_type": "voter_rejected", "user": ["admin"], "election": null, "details": {"voter_id": "SAM1234567", "rejected_voter_name": "Samiksha Amballa", "rejection_reason": "this is only for trial", "admin_id": 1}, "ip_address": "127.0.0.1", "user_agent": "Mozilla/5.0 (Windows NT 10.0; Win64; x64; rv:142.0) Gecko/20100101 Firefox/142.0", "timestamp": "2025-08-20T12:30:18.768Z", "hash_chain": "16556fb10372282bcbcee48fc3723a454d3cb0179bda4e10f6701aef8cea5fdc", "previous_hash": "c6f48f3972984ffa99754881bcaf838a335b59f376107ed7f48ce93e09e65cca"}}, {"model": "voting.auditlog", "pk": "039f47ff-31ea-4a48-bb35-fb46bdcf9c75", "fields": {"log_type": "voter_login", "user": ["ABC1234567"], "election": null, "details": {"voter_id": "ABC1234567", "session_id": 14}, "ip_address": "127.0.0.1", "user_agent": "Mozilla/5.0 (Windows NT 10.0; Win64; x64; rv:142.0) Gecko/20100101 Firefox/142.0", "timestamp": "2025-10-04T14:17:29.684Z", "hash_chain": "81d538e5c7a1bb92b0bbdb0c693edc68424465cba69b2833ac2dd2ccbc9a1fef", "previous_hash": "2a9ff7fd4bd34bf197b9dccc7540a957b2fcfb001c1484280df16300140cbd3c"}}, {"model": "voting.auditlog", "pk": "0444b73e-cbc3-414b-b305-248076c52ac4", "fields": {"log_type": "user_logout", "user": ["AKS1234567"], "election": null, "details": {"user_role": "voter"}, "ip_address": "127.0.0.1", "user_agent": "Mozilla/5.0 (Windows NT 10.0; Win64; x64; rv:142.0) Gecko/20100101 Firefox/142.0", "timestamp": "2025-10-04T19:10:19.503Z", "hash_chain": "dd0b017c7cc5964b2e019eb6e8920b48e634b2eba9349ada47d308cdf89701aa", "previous_hash": "e6fb412ed15b6ac48e3ae236f7596d5d0e6f8779bd21a2fbcdd513c99d4d4b0a"}}, {"model": "voting.auditlog", "pk": "07367af1-60da-41b7-afb5-2d8955b93c66", "fields": {"log_type": "voter_login", "user": ["ABC1234567"], "election": null, "details": {"voter_id": "ABC1234567"}, "ip_address": "127.0.0.1", "user_agent": "Mozilla/5.0 (Windows NT 10.0; Win64; x64; rv:142.0) Gecko/20100101 Firefox/142.0", "timestamp": "2025-08-21T06:27:33.271Z", "hash_chain": "b7003252a9a05bf2283c27afd9df8ed13dbc9b6966561fdad43cf033b05364f9", "previous_hash": "ab38996aa16947834e360016102787a803881ed05f540ffa989e77a85e605133"}}, {"model": "voting.auditlog", "pk": "07ba616c-4a49-4e71-938c-260da990b9fe", "fields": {"log_type": "voter_login", "user": ["ABC1234567"], "election": null, "details": {"voter_id": "ABC1234567"}, "ip_address": "127.0.0.1", "user_agent": "Mozilla/5.0 (Windows NT 10.0; Win64; x64; rv:142.0) Gecko/20100101 Firefox/142.0", "timestamp": "2025-08-29T15:44:07.868Z", "hash_chain": "c63c5894d3cb4f03e6037b6767adeb115c04ad83a69b3ec4d1dd8a5ac1f13ed2", "previous_hash": "ec80d2e79c8fff0b562c2e1cd1543ab982e4a618fd849e7330f32b90f965797d"}}, {"model": "voting.auditlog", "pk": "08239a1a-f2a1-46f8-893a-991518311961", "fields": {"log_type": "admin_login", "user": ["admin"], "election": null, "details": {"admin_username": "admin"}, "ip_address": "127.0.0.1", "user_agent": "Mozilla/5.0 (Windows NT 10.0; Win64; x64; rv:142.0) Gecko/20100101 Firefox/142.0", "timestamp": "2025-08-30T07:35:29.763Z", "hash_chain": "a5d0ff55bded0fcf16cc457128c2ca1ca9efa3b15873b3f6b88ff534d5000fac", "previous_hash": "fe57d71398039412733adff22af5dff3581aca803499ea1bbc9886615b2c9811"}}, {"model": "voting.auditlog", "pk": "09317aff-9f64-438e-a107-e29d74f000fc", "fields": {"log_type": "voter_login", "user": ["AKS1234567"], "election": null, "details": {"voter_id": "AKS1234567", "session_id": 3}, "ip_address": "127.0.0.1", "user_agent": "Mozilla/5.0 (Windows NT 10.0; Win64; x64; rv:142.0) Gecko/20100101 Firefox/142.0", "timestamp": "2025-08-20T15:58:39.097Z", "hash_chain": "ba9d42476f9ce8ce73bdb94819c6ec136b8dc32fb5c7fca221a9e314fcf76442", "previous_hash": "0886dd03045ae80d3909afe932e508d5c9d116fd4457d4fec487131bf584b990"}}, {"model": "voting.auditlog", "pk": "093a6cdd-99eb-4efb-acaa-984032383f7c", "fields": {"log_type": "candidate_added", "user": ["admin"], "election": "6734570c-426a-4d41-8db8-fd145dbd7b36", "details": {"candidate_name": "Sneha", "party": "Congress", "constituency": "Ward 45"}, "ip_address": "127.0.0.1", "user_agent": "Mozilla/5.0 (Windows NT 10.0; Win64; x64; rv:142.0) Gecko/20100101 Firefox/142.0", "timestamp": "2025-08-20T17:22:41.005Z", "hash_chain": "9c5a74a574ceab4222d7c6d50444431b831cccfaf954f9d3f870c9576932115e", "previous_hash": "bc2a005dc2c3392bb3e30da9d4079126ce38d2e171893e68ca828e37a3225c20"}}, {"model": "voting.auditlog", "pk": "0c69c0d7-d29a-40ef-8b0f-c53aec57e701", "fields": {"log_type": "admin_action", "user": ["admin"], "election": null, "details": {"action": "admin_login", "admin_username": "admin"}, "ip_address": "127.0.0.1", "user_agent": "Mozilla/5.0 (Windows NT 10.0; Win64; x64; rv:142.0) Gecko/20100101 Firefox/142.0", "timestamp": "2025-10-04T14:37:03.036Z", "hash_chain": "7f6975f02c4f6ed36ee6e41c24e1759b3fbc8a8af045f2dead36131975ef8e4d", "previous_hash": "69a1cb61760cf19bd510b4fe62146928a184fcc90e8306a1a2db9629b98f6675"}}, {"model": "voting.auditlog", "pk": "0ec99d43-647b-478d-8826-eb3bfc5eee15", "fields": {"log_type": "admin_login", "user": ["admin"], "election": null, "details": {"admin_username": "admin"}, "ip_address": "127.0.0.1", "user_agent": "Mozilla/5.0 (Windows NT 10.0; Win64; x64; rv:142.0) Gecko/20100101 Firefox/142.0", "timestamp": "2025-08-30T11:23:30.143Z", "hash_chain": "3f871bd3d8d73acd35547e511d2e409439ddc8cc2c4feaaf053d6b2ce4cc3ca7", "previous_hash": "28b3bef3a02cadc0878dcb1a343c00f1d78f4f5a861e9b845e6d3392da5fe4c6"}}, {"model": "voting.auditlog", "pk": "0f4e9b72-ca33-4ae6-b59f-43a56dfd363b", "fields": {"log_type": "candidate_added", "user": ["admin"], "election": "0da73345-a058-4543-a24c-f439b062c907", "details": {"candidate_name": "Trial2", "party": "BSP", "constituency": "Mumbai"}, "ip_address": "127.0.0.1", "user_agent": "Mozilla/5.0 (Windows NT 10.0; Win64; x64; rv:142.0) Gecko/20100101 Firefox/142.0", "timestamp": "2025-10-04T14:38:31.743Z", "hash_chain": "e7a5924608e6a3ca296a6a2210c831cedf6a7eeab496fcbf5fda85e649a93a18", "previous_hash": "43e006f31e6cef471101707f8c235aea1d3f927cd2135a38114f027f4aa219fa"}}, {"model": "voting.auditlog", "pk": "0fab4433-481e-4f52-bc20-fd480e3f0902", "fields": {"log_type": "admin_login", "user": ["admin"], "election": null, "details": {"admin_username": "admin"}, "ip_address": "127.0.0.1", "user_agent": "Mozilla/5.0 (Windows NT 10.0; Win64; x64; rv:142.0) Gecko/20100101 Firefox/142.0", "timestamp": "2025-08-20T17:16:16.203Z", "hash_chain": "96337b36f658a5720c28a0c9f2e732856a7fbc6836123e0aa96241e3ec080714", "previous_hash": "0a2ad052edc78836deac8801572911916b89bf46c60feca2c6f77efc2d51d4d4"}}, {"model": "voting.auditlog", "pk": "0fb8aea4-c1b9-4535-aaf3-401a48c4a9a4", "fields": {"log_type": "user_logout", "user": ["ABC1234567"], "election": null, "details": {"user_role": "voter"}, "ip_address": "127.0.0.1", "user_agent": "Mozilla/5.0 (Windows NT 10.0; Win64; x64; rv:142.0) Gecko/20100101 Firefox/142.0", "timestamp": "2025-08-30T07:35:11.190Z", "hash_chain": "fe57d71398039412733adff22af5dff3581aca803499ea1bbc9886615b2c9811", "previous_hash": "b5508081863f579de3f0b85ee76ac17716b451189954ed5ff2ef96613f58c42a"}}, {"model": "voting.auditlog", "pk": "106d7982-dae5-46c0-83de-314f329d0bbc", "fields": {"log_type": "admin_login", "user": ["admin"], "election": null, "details": {"admin_username": "admin"}, "ip_address": "127.0.0.1", "user_agent": "Mozilla/5.0 (Windows NT 10.0; Win64; x64; rv:142.0) Gecko/20100101 Firefox/142.0", "timestamp": "2025-08-20T15:59:56.466Z", "hash_chain": "9bd537c5a1978a78bf2dc347030715e2fc93fee49f126e1e948bb44595611813", "previous_hash": "d83f2f4098ded44f9bbcb822554bf89760fbaf319847cd0676ef4e4784145057"}}, {"model": "voting.auditlog", "pk": "12ef6cb9-ea25-49b9-a49b-56d770621aaf", "fields": {"log_type": "candidate_added", "user": ["admin"], "election": "32739dda-2213-4fd1-80ee-3eec0b8083f9", "details": {"candidate_name": "Priya Sharma", "party": "Congress", "constituency": "Ward 25"}, "ip_address": "127.0.0.1", "user_agent": "Mozilla/5.0 (Windows NT 10.0; Win64; x64; rv:142.0) Gecko/20100101 Firefox/142.0", "timestamp": "2025-08-20T12:41:08.860Z", "hash_chain": "57b2ed1627d4f6caf9a65c2f547d07c0390e0b33a8539de9e20d62110c9a5bfe", "previous_hash": "99a88f160a771d8016ba42212f4092909bbd5986d72e2ef25c6eea5804435f3d"}}, {"model": "voting.auditlog", "pk": "13fab2ba-0a22-447c-88aa-3f7a316f7cd2", "fields": {"log_type": "admin_login", "user": ["admin"], "election": null, "details": {"admin_username": "admin"}, "ip_address": "127.0.0.1", "user_agent": "Mozilla/5.0 (Windows NT 10.0; Win64; x64; rv:142.0) Gecko/20100101 Firefox/142.0", "timestamp": "2025-08-21T06:17:59.091Z", "hash_chain": "74361ed3c5db3930682992da3bc36e2f23dfc39e077892a585c1edab7bf7d2f2", "previous_hash": "03ceb3d90e9ae4421b40b8e350eaac2620ccfdde280f879cc73cecb7b55452ee"}}, {"model": "voting.auditlog", "pk": "1470e520-e429-4207-993b-4dab8f116468", "fields": {"log_type": "voter_login", "user": ["ABC1234567"], "election": null, "details": {"voter_id": "ABC1234567"}, "ip_address": "127.0.0.1", "user_agent": "Mozilla/5.0 (Windows NT 10.0; Win64; x64; rv:142.0) Gecko/20100101 Firefox/142.0", "timestamp": "2025-08-29T16:35:59.700Z", "hash_chain": "2eadc22985cf7a45657a008230c52e823c0aa381d8f7742e4738848816d820bb", "previous_hash": "c63c5894d3cb4f03e6037b6767adeb115c04ad83a69b3ec4d1dd8a5ac1f13ed2"}}, {"model": "voting.auditlog", "pk": "16e7f9b2-bfd9-42c6-8849-9317a6fbf3a2", "fields": {"log_type": "candidate_added", "user": ["admin"], "election": "32739dda-2213-4fd1-80ee-3eec0b8083f9", "details": {"candidate_name": "Trial Candidate", "party": "AAP", "constituency": "Ward 45"}, "ip_address": "127.0.0.1", "user_agent": "Mozilla/5.0 (Windows NT 10.0; Win64; x64; rv:142.0) Gecko/20100101 Firefox/142.0", "timestamp": "2025-08-20T12:42:33.547Z", "hash_chain": "4b7b90c612aadce9a8ad740ec64d9696d4030b886275b631f01a78727a20fba1", "previous_hash": "57b2ed1627d4f6caf9a65c2f547d07c0390e0b33a8539de9e20d62110c9a5bfe"}}, {"model": "voting.auditlog", "pk": "1924e0ad-c631-4e79-a147-c32615d5a75f", "fields": {"log_type": "voter_login", "user": ["AKS1234567"], "election": null, "details": {"voter_id": "AKS1234567", "session_id": 7}, "ip_address": "127.0.0.1", "user_agent": "Mozilla/5.0 (Windows NT 10.0; Win64; x64; rv:142.0) Gecko/20100101 Firefox/142.0", "timestamp": "2025-08-20T17:18:56.111Z", "hash_chain": "d3325890b3928936962962e900e644fd802e35f1da7c4593c889f7ce23f02036", "previous_hash": "9787c33bf960e0bdd62292233a3fcaaed822cb11533efca28cce9feab64098f4"}}, {"model": "voting.auditlog", "pk": "1aa23cf2-f84d-42b9-831c-1b8a6e2e969d", "fields": {"log_type": "admin_login", "user": ["admin"], "election": null, "details": {"admin_username": "admin"}, "ip_address": "127.0.0.1", "user_agent": "Mozilla/5.0 (Windows NT 10.0; Win64; x64; rv:142.0) Gecko/20100101 Firefox/142.0", "timestamp": "2025-08-20T16:00:21.109Z", "hash_chain": "84ea78a62f16774df94176a82939ea5a82485884333fa013b8a80903798a2d7d", "previous_hash": "9bd537c5a1978a78bf2dc347030715e2fc93fee49f126e1e948bb44595611813"}}, {"model": "voting.auditlog", "pk": "1bf82309-6ba1-4414-a79e-2b3f5017977b", "fields": {"log_type": "user_logout", "user": ["ABC1234567"], "election": null, "details": {"user_role": "voter"}, "ip_address": "127.0.0.1", "user_agent": "Mozilla/5.0 (Windows NT 10.0; Win64; x64; rv:142.0) Gecko/20100101 Firefox/142.0", "timestamp": "2025-10-04T14:39:06.126Z", "hash_chain": "4e6bc127f68484583c3a00a7945b6c75f9947caff131b91ef7836f8d2936122c", "previous_hash": "a744f03824a3ba9039a3e2d8666b4d7f2bd9511d964f18685a5a5e145011dc67"}}, {"model": "voting.auditlog", "pk": "1efbcd9b-cba7-49f8-844b-eb28153c866f", "fields": {"log_type": "admin_action", "user": ["admin"], "election": null, "details": {"action": "admin_login", "admin_username": "admin"}, "ip_address": "127.0.0.1", "user_agent": "Mozilla/5.0 (Windows NT 10.0; Win64; x64; rv:142.0) Gecko/20100101 Firefox/142.0", "timestamp": "2025-09-25T06:39:10.341Z", "hash_chain": "a46dae46d4fcdb19842d41afceed284de303afdf6b5f5a5fcf432cbbeb06e810", "previous_hash": "32c1bfc858cf70df006fccf37bd0d946a673c5b247029878c00f6a5a11ae562c"}}, {"model": "voting.auditlog", "pk": "1f17a853-c671-48f2-ae56-c6e4eee24e98", "fields": {"log_type": "vote_cast", "user": ["SAM1234567"], "election": "6734570c-426a-4d41-8db8-fd145dbd7b36", "details": {"voter_id": "SAM1234567", "candidate_name": "Eshanika", "vote_hash": "d9c36d321a7b5895b611eb1a8698843fad2c290e4e15c13006c7f77fc293f51f"}, "ip_address": "127.0.0.1", "user_agent": "Mozilla/5.0 (Windows NT 10.0; Win64; x64; rv:142.0) Gecko/20100101 Firefox/142.0", "timestamp": "2025-08-29T19:00:44.573Z", "hash_chain": "428913025ca53278fd59462ce2bb2957672310218cd39cada18a82fc6d40bf8e", "previous_hash": "c61c3f4ff1d09ad5d6e491a06974b2b6ea36a64f2dc61718ec8c6f590a5d3829"}}, {"model": "voting.auditlog", "pk": "209f5bdb-5604-4e2c-a012-32d4c0b8ee73", "fields": {"log_type": "vote_cast", "user": ["AKS1234567"], "election": "0da73345-a058-4543-a24c-f439b062c907", "details": {"voter_id": "AKS1234567", "candidate_name": "Trial2", "vote_hash": "a0d300823a73b866c4132b3b60ebe11939c5d17a0b57ab828da512a293864cc5"}, "ip_address": "127.0.0.1", "user_agent": "Mozilla/5.0 (Windows NT 10.0; Win64; x64) AppleWebKit/537.36 (KHTML, like Gecko) Chrome/140.0.0.0 Safari/537.36", "timestamp": "2025-10-04T19:37:30.310Z", "hash_chain": "b07242d3a08755bac469ed5a370c0053b76acd1b3bbf2d77ebb1f6dee7cb77ff", "previous_hash": "3013666f4882c08231bad6a8056779a73bd10e9b9f3d019bb136de4ae176f904"}}, {"model": "voting.auditlog", "pk": "213a8e47-3e28-43c5-8b69-09778933199e", "fields": {"log_type": "voter_registration", "user": ["MOM1234567"], "election": null, "details": {"voter_id": "MOM1234567", "city": "mumbai", "state": "Maharashtra"}, "ip_address": "127.0.0.1", "user_agent": "Mozilla/5.0 (Windows NT 10.0; Win64; x64; rv:142.0) Gecko/20100101 Firefox/142.0", "timestamp": "2025-08-20T12:55:39.136Z", "hash_chain": "79dcdfe8ee6b914da0128d30e815416967593655fc9709772455248f698f33c6", "previous_hash": "131a68a4a15d105de78854434689970506c81ca7a1859b7899fefada4f37c1d4"}}, {"model": "voting.auditlog", "pk": "24f6844c-8f3d-4c47-98bc-72141eb30cee", "fields": {"log_type": "user_logout", "user": ["ABC1234567"], "election": null, "details": {"user_role": "voter"}, "ip_address": "127.0.0.1", "user_agent": "Mozilla/5.0 (Windows NT 10.0; Win64; x64; rv:142.0) Gecko/20100101 Firefox/142.0", "timestamp": "2025-08-29T18:52:57.490Z", "hash_chain": "fddafcc67a82c3b38f03713e9aa7dfec58ab0adf245e8fb97e194727a7719e86", "previous_hash": "5991589a264370fff27e31fd0935385c8ccc76a330517ea27d64ea0bf5038084"}}, {"model": "voting.auditlog", "pk": "2503d108-488e-4171-9c6c-81b9570409b5", "fields": {"log_type": "voter_login", "user": ["AKS1234567"], "election": null, "details": {"voter_id": "AKS1234567", "session_id": 11}, "ip_address": "127.0.0.1", "user_agent": "Mozilla/5.0 (Windows NT 10.0; Win64; x64; rv:142.0) Gecko/20100101 Firefox/142.0", "timestamp": "2025-08-20T19:05:52.850Z", "hash_chain": "77fe68320a4af2d422e88e41b19222eb3374c137ea4293615af23ea3bffec580", "previous_hash": "d767eb16ed547f65ad4cfe28a6369ac019527136de1310edc77a86eee131a042"}}, {"model": "voting.auditlog", "pk": "26ab9155-c3a9-4694-82f7-9fa1fc5e1bb5", "fields": {"log_type": "user_logout", "user": ["admin"], "election": null, "details": {"user_role": "voter"}, "ip_address": "127.0.0.1", "user_agent": "Mozilla/5.0 (Windows NT 10.0; Win64; x64; rv:142.0) Gecko/20100101 Firefox/142.0", "timestamp": "2025-08-29T18:57:52.678Z", "hash_chain": "9582ddfa85510a34e798163b8f3de62449032b09268ba3949ed9cc60f021862c", "previous_hash": "74a9c45c72e044dbf7570e3babb311e679dcac6ed94939845e4c5592a52a1831"}}, {"model": "voting.auditlog", "pk": "28f97e04-2bfe-4209-9d82-6e5b7fbb8c31", "fields": {"log_type": "admin_login", "user": ["admin"], "election": null, "details": {"admin_username": "admin"}, "ip_address": "127.0.0.1", "user_agent": "Mozilla/5.0 (Windows NT 10.0; Win64; x64; rv:142.0) Gecko/20100101 Firefox/142.0", "timestamp": "2025-08-20T12:56:31.098Z", "hash_chain": "cb0dd811196cdbb8431758b95933328e73409d47279f60efaf2e0519392079d8", "previous_hash": "79dcdfe8ee6b914da0128d30e815416967593655fc9709772455248f698f33c6"}}, {"model": "voting.auditlog", "pk": "2ac539b8-b728-44db-bdf3-54bddbd24bf2", "fields": {"log_type": "user_logout", "user": ["AKS1234567"], "election": null, "details": {"user_role": "voter"}, "ip_address": "127.0.0.1", "user_agent": "Mozilla/5.0 (Windows NT 10.0; Win64; x64; rv:142.0) Gecko/20100101 Firefox/142.0", "timestamp": "2025-08-20T15:59:37.836Z", "hash_chain": "d83f2f4098ded44f9bbcb822554bf89760fbaf319847cd0676ef4e4784145057", "previous_hash": "ba9d42476f9ce8ce73bdb94819c6ec136b8dc32fb5c7fca221a9e314fcf76442"}}, {"model": "voting.auditlog", "pk": "2aca33be-d07e-40c9-8085-8e4bf5b883f9", "fields": {"log_type": "admin_login", "user": ["admin"], "election": null, "details": {"admin_username": "admin"}, "ip_address": "127.0.0.1", "user_agent": "Mozilla/5.0 (Windows NT 10.0; Win64; x64; rv:142.0) Gecko/20100101 Firefox/142.0", "timestamp": "2025-08-20T16:35:40.791Z", "hash_chain": "afde4fd55afa2b28ba9ddaee817de5a219bfae9d95b1f371bf1ef9777eb20cc8", "previous_hash": "be9c2c4fe5dae7a4230521a6f1d414759290118af69d035bbd072e9e3e0b0035"}}, {"model": "voting.auditlog", "pk": "2fe6f6e9-a1f0-428d-8339-ac418be3b47a", "fields": {"log_type": "voter_login", "user": ["ABC1234567"], "election": null, "details": {"voter_id": "ABC1234567"}, "ip_address": "127.0.0.1", "user_agent": "Mozilla/5.0 (Windows NT 10.0; Win64; x64; rv:142.0) Gecko/20100101 Firefox/142.0", "timestamp": "2025-08-29T14:56:55.856Z", "hash_chain": "902a9db6f6afb92ba68a71a4b7a1e209fb20f19894c5cdcfe042f27895d6ad69", "previous_hash": "1eb3d16962b22334948175e0baa57987b339c758d14df2e8af345af0490cd0f7"}}, {"model": "voting.auditlog", "pk": "3279d3f2-1c2b-47b4-9af8-5862332c9bed", "fields": {"log_type": "user_logout", "user": ["AKS1234567"], "election": null, "details": {"user_role": "voter"}, "ip_address": "127.0.0.1", "user_agent": "Mozilla/5.0 (Windows NT 10.0; Win64; x64) AppleWebKit/537.36 (KHTML, like Gecko) Chrome/140.0.0.0 Safari/537.36", "timestamp": "2025-10-04T19:32:37.857Z", "hash_chain": "c91b4fb4319ffd38ddc3376b797ab09b1d43a3a6d78279d20c885d735dba4d04", "previous_hash": "b0808864766bb0b9883d2c07ea09392da15d16c216e4d9828b29c669ec209449"}}, {"model": "voting.auditlog", "pk": "332b3766-3db9-4482-be49-1d5fdc9cca50", "fields": {"log_type": "candidate_added", "user": ["admin"], "election": "425e2953-21a0-4675-88df-f6b460c40384", "details": {"candidate_name": "Sneha", "party": "Congress", "constituency": "Ward 45", "action": "linked existing candidate"}, "ip_address": "127.0.0.1", "user_agent": "Mozilla/5.0 (Windows NT 10.0; Win64; x64) AppleWebKit/537.36 (KHTML, like Gecko) Chrome/140.0.0.0 Safari/537.36", "timestamp": "2025-10-04T19:35:32.323Z", "hash_chain": "2c042a6e0a03b124980e9b82d0706cfc3fadda899961a8ed1ea492cb65c55e8b", "previous_hash": "a66ba2a092c77d242ec86fafe6a425bb2360e2c36cd93bfa69b09b1b05d8b3a7"}}, {"model": "voting.auditlog", "pk": "3815ab7c-9996-4d4f-aa80-da93c07bd066", "fields": {"log_type": "user_logout", "user": ["admin"], "election": null, "details": {"user_role": "voter"}, "ip_address": "127.0.0.1", "user_agent": "Mozilla/5.0 (Windows NT 10.0; Win64; x64) AppleWebKit/537.36 (KHTML, like Gecko) Chrome/140.0.0.0 Safari/537.36", "timestamp": "2025-10-04T19:36:04.452Z", "hash_chain": "96789171dfcc1f1b670d4047d24b91e62874d271bb0e5aa291b4fc7d7e217ce6", "previous_hash": "1c017fa82a8ea2764667e7a3d44017e95987a0d97392dca0db43be1c38f7205d"}}, {"model": "voting.auditlog", "pk": "3b7f4655-53c3-47ec-9642-7a2c5c3cb63d", "fields": {"log_type": "vote_cast", "user": ["ABC1234567"], "election": "0da73345-a058-4543-a24c-f439b062c907", "details": {"voter_id": "ABC1234567", "candidate_name": "Trial1", "vote_hash": "66de6173be737a91fe3be976cefe61edb02dc7b8ab232ced4e30d9138d9d9b00"}, "ip_address": "127.0.0.1", "user_agent": "Mozilla/5.0 (Windows NT 10.0; Win64; x64; rv:142.0) Gecko/20100101 Firefox/142.0", "timestamp": "2025-10-04T14:38:59.459Z", "hash_chain": "a744f03824a3ba9039a3e2d8666b4d7f2bd9511d964f18685a5a5e145011dc67", "previous_hash": "b7771fb704ae25b9a2e683876ce091c61f7d7b522725517102fe5727fa25ff7e"}}, {"model": "voting.auditlog", "pk": "3c79c38a-3f9f-4cac-a260-7284a86dccab", "fields": {"log_type": "admin_login", "user": ["admin"], "election": null, "details": {"admin_username": "admin"}, "ip_address": "127.0.0.1", "user_agent": "Mozilla/5.0 (Windows NT 10.0; Win64; x64; rv:142.0) Gecko/20100101 Firefox/142.0", "timestamp": "2025-08-20T16:04:33.684Z", "hash_chain": "16ef7324188d96b655f44d2a9fa64d10f67aabf9814bd514d027b626c480ad7c", "previous_hash": "84ea78a62f16774df94176a82939ea5a82485884333fa013b8a80903798a2d7d"}}, {"model": "voting.auditlog", "pk": "3d33e223-90c1-4e61-ac96-f96547dfab6e", "fields": {"log_type": "admin_action", "user": ["admin"], "election": null, "details": {"action": "admin_login", "admin_username": "admin"}, "ip_address": "127.0.0.1", "user_agent": "Mozilla/5.0 (Windows NT 10.0; Win64; x64) AppleWebKit/537.36 (KHTML, like Gecko) Chrome/140.0.0.0 Safari/537.36", "timestamp": "2025-10-04T19:38:05.512Z", "hash_chain": "25aba49dbdd677260746ac2ec3c986c61c229694379174c4bfab30a4f7d199e2", "previous_hash": "68c62ce9d7e6995cbfa9b3bfe050cc21db55d35938181399fd0bb4feeba88008"}}, {"model": "voting.auditlog", "pk": "3dfe8bc9-9e4d-4258-9f9c-5109803b4e83", "fields": {"log_type": "user_logout", "user": ["admin"], "election": null, "details": {"user_role": "voter"}, "ip_address": "127.0.0.1", "user_agent": "Mozilla/5.0 (Windows NT 10.0; Win64; x64; rv:142.0) Gecko/20100101 Firefox/142.0", "timestamp": "2025-10-04T14:19:15.130Z", "hash_chain": "2dbfaf710fd37f8ded9c9939a9b2540e749f310bb36eed84d0ff4e38d2ea1358", "previous_hash": "f9519957a02efba0de7ad9037eddb2b6db5d661fadbe68ae25ca2e874d3a071a"}}, {"model": "voting.auditlog", "pk": "3e3fdf9a-32c2-4316-b154-e294ad70d33f", "fields": {"log_type": "admin_action", "user": ["admin"], "election": null, "details": {"action": "admin_login", "admin_username": "admin"}, "ip_address": "127.0.0.1", "user_agent": "Mozilla/5.0 (Windows NT 10.0; Win64; x64; rv:142.0) Gecko/20100101 Firefox/142.0", "timestamp": "2025-10-04T12:36:01.645Z", "hash_chain": "46d1229f2bffe52c316b86fc2e1067c4b41f5ebc7e319852ecf4621f38bdd417", "previous_hash": "c76da64fc848080526a0aa1f2eebd10e86be4490897df5c68de52464c0bf063d"}}, {"model": "voting.auditlog", "pk": "4204ec73-98d2-405b-bb38-c090915c73dc", "fields": {"log_type": "admin_login", "user": ["admin"], "election": null, "details": {"admin_username": "admin"}, "ip_address": "127.0.0.1", "user_agent": "Mozilla/5.0 (Windows NT 10.0; Win64; x64; rv:142.0) Gecko/20100101 Firefox/142.0", "timestamp": "2025-08-20T17:10:37.424Z", "hash_chain": "0a2ad052edc78836deac8801572911916b89bf46c60feca2c6f77efc2d51d4d4", "previous_hash": "641bfa6ba43d5468c2ed145c857022c03025e76e2356f20e7993c5056d9c41d1"}}, {"model": "voting.auditlog", "pk": "459bcdbc-b6bb-457d-9bdd-42068a4131ab", "fields": {"log_type": "user_logout", "user": ["AKS1234567"], "election": null, "details": {"user_role": "voter"}, "ip_address": "127.0.0.1", "user_agent": "Mozilla/5.0 (Windows NT 10.0; Win64; x64; rv:142.0) Gecko/20100101 Firefox/142.0", "timestamp": "2025-08-20T17:19:22.777Z", "hash_chain": "5d0ba3c73661983b697d44b7741398f9ef5d3abbb3933030ebe4c7a3600cfb47", "previous_hash": "d3325890b3928936962962e900e644fd802e35f1da7c4593c889f7ce23f02036"}}, {"model": "voting.auditlog", "pk": "4ab9baa7-c91b-4532-a32f-cd2bcac97564", "fields": {"log_type": "user_logout", "user": ["AKS1234567"], "election": null, "details": {"user_role": "voter"}, "ip_address": "127.0.0.1", "user_agent": "Mozilla/5.0 (Windows NT 10.0; Win64; x64) AppleWebKit/537.36 (KHTML, like Gecko) Chrome/140.0.0.0 Safari/537.36", "timestamp": "2025-10-04T19:37:40.750Z", "hash_chain": "68c62ce9d7e6995cbfa9b3bfe050cc21db55d35938181399fd0bb4feeba88008", "previous_hash": "b07242d3a08755bac469ed5a370c0053b76acd1b3bbf2d77ebb1f6dee7cb77ff"}}, {"model": "voting.auditlog", "pk": "4e10af90-34c4-492b-9d8c-f1695d7155ef", "fields": {"log_type": "voter_login", "user": ["MOM1234567"], "election": null, "details": {"voter_id": "MOM1234567", "session_id": 2}, "ip_address": "127.0.0.1", "user_agent": "Mozilla/5.0 (Windows NT 10.0; Win64; x64; rv:142.0) Gecko/20100101 Firefox/142.0", "timestamp": "2025-08-20T12:57:10.437Z", "hash_chain": "0886dd03045ae80d3909afe932e508d5c9d116fd4457d4fec487131bf584b990", "previous_hash": "1bf623d35191107129f34b98a1bcacd0bd08fd3b9c971e2f8f8355b294c6f5d2"}}, {"model": "voting.auditlog", "pk": "4e887989-a549-4d39-84c4-d4de9138a4c5", "fields": {"log_type": "user_logout", "user": ["admin"], "election": null, "details": {"user_role": "voter"}, "ip_address": "127.0.0.1", "user_agent": "Mozilla/5.0 (Windows NT 10.0; Win64; x64; rv:142.0) Gecko/20100101 Firefox/142.0", "timestamp": "2025-08-21T06:19:10.543Z", "hash_chain": "51d5db78df3dbc0022cd939900aad80dafdd0055f95fe2766c8576b6a1a12e85", "previous_hash": "74361ed3c5db3930682992da3bc36e2f23dfc39e077892a585c1edab7bf7d2f2"}}, {"model": "voting.auditlog", "pk": "4fdc20b7-9fd7-4277-a1e7-226b34b785e3", "fields": {"log_type": "voter_login", "user": ["AKS1234567"], "election": null, "details": {"voter_id": "AKS1234567", "session_id": 10}, "ip_address": "127.0.0.1", "user_agent": "Mozilla/5.0 (Windows NT 10.0; Win64; x64; rv:142.0) Gecko/20100101 Firefox/142.0", "timestamp": "2025-08-20T18:22:55.639Z", "hash_chain": "59fcc279931ba1bec63691e857749cad4dbd3fd2a99fc039c8f46827146e4e5d", "previous_hash": "bf69917b61a3b074388082d6b052117c3d0a8dca5a4e455955b326ac8748998d"}}, {"model": "voting.auditlog", "pk": "527e0586-cd21-4973-a3a3-e3ef0271b63d", "fields": {"log_type": "vote_cast", "user": ["ABC1234567"], "election": "6734570c-426a-4d41-8db8-fd145dbd7b36", "details": {"voter_id": "ABC1234567", "candidate_name": "Eshanika", "vote_hash": "11582f36104bbd1eca569ce46cfc38ae4ddb47f8af6ecab294da9547b5a8ad48"}, "ip_address": "127.0.0.1", "user_agent": "Mozilla/5.0 (Windows NT 10.0; Win64; x64; rv:142.0) Gecko/20100101 Firefox/142.0", "timestamp": "2025-08-29T18:51:20.165Z", "hash_chain": "5991589a264370fff27e31fd0935385c8ccc76a330517ea27d64ea0bf5038084", "previous_hash": "ce457051bd9e2189f27b3d797470e07a6d5ae34d0c8f11717e288ee4af2d9009"}}, {"model": "voting.auditlog", "pk": "54e408c4-b8a8-4fa1-9705-4921e1985b73", "fields": {"log_type": "voter_login", "user": ["AKS1234567"], "election": null, "details": {"voter_id": "AKS1234567", "session_id": 8}, "ip_address": "127.0.0.1", "user_agent": "Mozilla/5.0 (Windows NT 10.0; Win64; x64; rv:142.0) Gecko/20100101 Firefox/142.0", "timestamp": "2025-08-20T17:24:06.454Z", "hash_chain": "c9366f07fab38608a7aeb65280637a476712ba784487d66502ce3db3f4fe0869", "previous_hash": "c9da9f56f8a7c81a0ce28823011e9be8822ee7505552ae4e546ae5a2d1a68fcf"}}, {"model": "voting.auditlog", "pk": "5780129d-3bcc-4a4f-bf86-255211d3dd58", "fields": {"log_type": "user_logout", "user": ["ABC1234567"], "election": null, "details": {"user_role": "voter"}, "ip_address": "127.0.0.1", "user_agent": "Mozilla/5.0 (Windows NT 10.0; Win64; x64; rv:142.0) Gecko/20100101 Firefox/142.0", "timestamp": "2025-09-25T07:04:17.206Z", "hash_chain": "58a86d19455a8ff4725d30034241da1e6e0a9ed3979ec8d66c8cadf7b82c71d9", "previous_hash": "1034332700ddc76359c58ada13dadddc5c837cfb9f64ead0d23b2ecbbdd49d7b"}}, {"model": "voting.auditlog", "pk": "588a1beb-6d80-449c-bdd9-64420f877d96", "fields": {"log_type": "admin_login", "user": ["admin"], "election": null, "details": {"admin_username": "admin"}, "ip_address": "127.0.0.1", "user_agent": "Mozilla/5.0 (Windows NT 10.0; Win64; x64; rv:142.0) Gecko/20100101 Firefox/142.0", "timestamp": "2025-08-30T09:20:27.635Z", "hash_chain": "28b3bef3a02cadc0878dcb1a343c00f1d78f4f5a861e9b845e6d3392da5fe4c6", "previous_hash": "81b140c2dbbc4ab96f1ce95dab1fa7c5e8565898ca63653a63612a081f17cf9a"}}, {"model": "voting.auditlog", "pk": "5b0d3be9-c40c-4241-99f9-70d409b81e65", "fields": {"log_type": "voter_login", "user": ["AKS1234567"], "election": null, "details": {"voter_id": "AKS1234567", "session_id": 1}, "ip_address": "127.0.0.1", "user_agent": "Mozilla/5.0 (Windows NT 10.0; Win64; x64; rv:142.0) Gecko/20100101 Firefox/142.0", "timestamp": "2025-08-20T12:47:16.216Z", "hash_chain": "131a68a4a15d105de78854434689970506c81ca7a1859b7899fefada4f37c1d4", "previous_hash": "4b7b90c612aadce9a8ad740ec64d9696d4030b886275b631f01a78727a20fba1"}}, {"model": "voting.auditlog", "pk": "5d7195db-9d5f-432f-bc12-764924f90209", "fields": {"log_type": "candidate_added", "user": ["admin"], "election": "425e2953-21a0-4675-88df-f6b460c40384", "details": {"candidate_name": "Trial Candidate", "party": "AAP", "constituency": "Ward 45", "action": "linked existing candidate"}, "ip_address": "127.0.0.1", "user_agent": "Mozilla/5.0 (Windows NT 10.0; Win64; x64) AppleWebKit/537.36 (KHTML, like Gecko) Chrome/140.0.0.0 Safari/537.36", "timestamp": "2025-10-04T19:35:51.596Z", "hash_chain": "1c017fa82a8ea2764667e7a3d44017e95987a0d97392dca0db43be1c38f7205d", "previous_hash": "2c042a6e0a03b124980e9b82d0706cfc3fadda899961a8ed1ea492cb65c55e8b"}}, {"model": "voting.auditlog", "pk": "5f64053a-f204-4f5d-ae66-01f442492729", "fields": {"log_type": "voter_approved", "user": ["admin"], "election": null, "details": {"voter_id": "ESH1234567", "approved_voter_name": "Eshanika Amballa", "admin_id": 1}, "ip_address": "127.0.0.1", "user_agent": "Mozilla/5.0 (Windows NT 10.0; Win64; x64; rv:142.0) Gecko/20100101 Firefox/142.0", "timestamp": "2025-08-20T12:31:03.893Z", "hash_chain": "e5cc37fe241cfc720639edfecb3899c7467c157d8fd909a82494968617708a7e", "previous_hash": "16556fb10372282bcbcee48fc3723a454d3cb0179bda4e10f6701aef8cea5fdc"}}, {"model": "voting.auditlog", "pk": "67317da9-18f4-4a1b-b7db-8ff278aae768", "fields": {"log_type": "voter_login", "user": ["MOM1234567"], "election": null, "details": {"voter_id": "MOM1234567", "session_id": 9}, "ip_address": "127.0.0.1", "user_agent": "Mozilla/5.0 (Windows NT 10.0; Win64; x64; rv:142.0) Gecko/20100101 Firefox/142.0", "timestamp": "2025-08-20T18:18:19.445Z", "hash_chain": "bf69917b61a3b074388082d6b052117c3d0a8dca5a4e455955b326ac8748998d", "previous_hash": "c9366f07fab38608a7aeb65280637a476712ba784487d66502ce3db3f4fe0869"}}, {"model": "voting.auditlog", "pk": "68c29f86-f475-43bd-9f97-a8d9f44c30ef", "fields": {"log_type": "user_logout", "user": ["ABC1234567"], "election": null, "details": {"user_role": "voter"}, "ip_address": "127.0.0.1", "user_agent": "Mozilla/5.0 (Windows NT 10.0; Win64; x64; rv:142.0) Gecko/20100101 Firefox/142.0", "timestamp": "2025-08-29T18:25:54.776Z", "hash_chain": "3502e5eedf26b0954aefecaee25e7477b48b5ea361e7b8a56d88ed429461ec17", "previous_hash": "3fa42c86a6d06124d5ae59dd8897f5e3cb51e671d86433d663eb04b13ccc0e3c"}}, {"model": "voting.auditlog", "pk": "6f4b6693-d4fd-48c7-a650-7e5a2d76ba4e", "fields": {"log_type": "admin_action", "user": ["admin"], "election": null, "details": {"action": "admin_login", "admin_username": "admin"}, "ip_address": "127.0.0.1", "user_agent": "Mozilla/5.0 (Windows NT 10.0; Win64; x64; rv:142.0) Gecko/20100101 Firefox/142.0", "timestamp": "2025-10-04T13:04:36.713Z", "hash_chain": "c7444b451bf3f4745b5c897362e358d5f308af0e9aaa71dddc40ae30d8892ae3", "previous_hash": "46d1229f2bffe52c316b86fc2e1067c4b41f5ebc7e319852ecf4621f38bdd417"}}, {"model": "voting.auditlog", "pk": "6f847b7d-8815-47b8-84bd-d6dd418755d3", "fields": {"log_type": "election_created", "user": ["admin"], "election": "0da73345-a058-4543-a24c-f439b062c907", "details": {"election_name": "demo", "election_type": "General Election", "state": "Maharashtra", "lamport_timestamp": 1759583782279.4243, "replication_factor": 3, "consensus_threshold": 51}, "ip_address": "127.0.0.1", "user_agent": "Mozilla/5.0 (Windows NT 10.0; Win64; x64; rv:142.0) Gecko/20100101 Firefox/142.0", "timestamp": "2025-10-04T13:16:22.291Z", "hash_chain": "ef364c908614ea043ab7e0401d20a1c7228686048c54769939990f6c14913b46", "previous_hash": "4779968cffb2f62ec9f6371f3eb299473bd8f9ce64aae0d84ab6b85d928eda8c"}}, {"model": "voting.auditlog", "pk": "6fc03e8b-c71b-496b-bd37-7e577e4f7a9c", "fields": {"log_type": "voter_login", "user": ["SAM1234567"], "election": null, "details": {"voter_id": "SAM1234567"}, "ip_address": "127.0.0.1", "user_agent": "Mozilla/5.0 (Windows NT 10.0; Win64; x64; rv:142.0) Gecko/20100101 Firefox/142.0", "timestamp": "2025-08-29T18:26:18.748Z", "hash_chain": "a230ee9c7860c1739e720de8891ed2fcbd4c237f82bcaa9e2d4009ef81bc793f", "previous_hash": "3502e5eedf26b0954aefecaee25e7477b48b5ea361e7b8a56d88ed429461ec17"}}, {"model": "voting.auditlog", "pk": "709cdfda-3cea-44f9-8369-abe74b375d85", "fields": {"log_type": "user_logout", "user": ["admin"], "election": null, "details": {"user_role": "voter"}, "ip_address": "127.0.0.1", "user_agent": "Mozilla/5.0 (Windows NT 10.0; Win64; x64; rv:142.0) Gecko/20100101 Firefox/142.0", "timestamp": "2025-08-20T17:23:02.295Z", "hash_chain": "c9da9f56f8a7c81a0ce28823011e9be8822ee7505552ae4e546ae5a2d1a68fcf", "previous_hash": "9c5a74a574ceab4222d7c6d50444431b831cccfaf954f9d3f870c9576932115e"}}, {"model": "voting.auditlog", "pk": "714bc8b7-3e7c-4a54-a1ff-d6cba2bb2333", "fields": {"log_type": "admin_action", "user": ["admin"], "election": null, "details": {"action": "admin_login", "admin_username": "admin"}, "ip_address": "127.0.0.1", "user_agent": "Mozilla/5.0 (Windows NT 10.0; Win64; x64) AppleWebKit/537.36 (KHTML, like Gecko) Chrome/140.0.0.0 Safari/537.36", "timestamp": "2025-10-04T19:32:59.437Z", "hash_chain": "f998818b895e187f0159080acdda99a8354ad741d93678ae68be4c56867b5430", "previous_hash": "c91b4fb4319ffd38ddc3376b797ab09b1d43a3a6d78279d20c885d735dba4d04"}}, {"model": "voting.auditlog", "pk": "72f7f29d-bcbe-4f70-9c6e-cc61634241d7", "fields": {"log_type": "user_logout", "user": ["ABC1234567"], "election": null, "details": {"user_role": "voter"}, "ip_address": "127.0.0.1", "user_agent": "Mozilla/5.0 (Windows NT 10.0; Win64; x64; rv:142.0) Gecko/20100101 Firefox/142.0", "timestamp": "2025-10-04T14:30:12.856Z", "hash_chain": "b281644fb5511148f1697d7d54588cb5bf6f0216bb601626378bc5d3e60b348a", "previous_hash": "85183a0533f3d88557791ee99cbe3960a4f79d6fc8f1512187e03470820afe7e"}}, {"model": "voting.auditlog", "pk": "733b0953-1ea9-4068-8069-285f073542c7", "fields": {"log_type": "voter_login", "user": ["MOM1234567"], "election": null, "details": {"voter_id": "MOM1234567", "session_id": 4}, "ip_address": "127.0.0.1", "user_agent": "Mozilla/5.0 (Windows NT 10.0; Win64; x64; rv:142.0) Gecko/20100101 Firefox/142.0", "timestamp": "2025-08-20T16:13:03.270Z", "hash_chain": "22aebad4848c46b44923984f5a3f8575e294134c35c5ad5931760100511aebcb", "previous_hash": "acf06169debd41a02d358ff1251fd688cfb511d1541ec3364b9a3b5fb5ef6289"}}, {"model": "voting.auditlog", "pk": "734c097e-6d49-4c7f-a64c-52f12a52ca5a", "fields": {"log_type": "voter_registration", "user": ["ABC1234567"], "election": null, "details": {"voter_id": "ABC1234567", "city": "mumbai", "state": "Maharashtra"}, "ip_address": "127.0.0.1", "user_agent": "Mozilla/5.0 (Windows NT 10.0; Win64; x64; rv:142.0) Gecko/20100101 Firefox/142.0", "timestamp": "2025-08-21T06:24:44.750Z", "hash_chain": "cc8daa2de7d6d542c998442861d08e708e9ed56f60a6870273b4371a745c753e", "previous_hash": "51d5db78df3dbc0022cd939900aad80dafdd0055f95fe2766c8576b6a1a12e85"}}, {"model": "voting.auditlog", "pk": "74d41e8b-cf5a-4c01-b787-005f2ba54740", "fields": {"log_type": "user_logout", "user": ["admin"], "election": null, "details": {"user_role": "voter"}, "ip_address": "127.0.0.1", "user_agent": "Mozilla/5.0 (Windows NT 10.0; Win64; x64; rv:142.0) Gecko/20100101 Firefox/142.0", "timestamp": "2025-10-04T14:29:42.592Z", "hash_chain": "f6a31564db5c911bfc252cb9ff632f22de2671ae9d3b7205d10f66ee8caef877", "previous_hash": "c5f219fec164710145dd4127854e278c6a2339ae05b7c2123d0be86497b1f3db"}}, {"model": "voting.auditlog", "pk": "75f0337b-266b-4779-a483-c73b2f53ca49", "fields": {"log_type": "admin_login", "user": ["admin"], "election": null, "details": {"admin_username": "admin"}, "ip_address": "127.0.0.1", "user_agent": "Mozilla/5.0 (Windows NT 10.0; Win64; x64; rv:142.0) Gecko/20100101 Firefox/142.0", "timestamp": "2025-08-21T06:29:28.893Z", "hash_chain": "812c75e4e331b633615744ac5c234356b1cd3b5e4d14ddf8adc92f23ba530152", "previous_hash": "62d8faa2001acab7cf7d5a34950edfce1e1660e92c7f9704d0f16acf957e0f40"}}, {"model": "voting.auditlog", "pk": "76c46d5d-70fc-4b34-9e41-1a4c504538d4", "fields": {"log_type": "voter_login", "user": ["AKS1234567"], "election": null, "details": {"voter_id": "AKS1234567", "session_id": 6}, "ip_address": "127.0.0.1", "user_agent": "Mozilla/5.0 (Windows NT 10.0; Win64; x64; rv:142.0) Gecko/20100101 Firefox/142.0", "timestamp": "2025-08-20T16:17:02.857Z", "hash_chain": "be9c2c4fe5dae7a4230521a6f1d414759290118af69d035bbd072e9e3e0b0035", "previous_hash": "b4feb72e3dc25fc897d17aa177699571b9f72f8bbfa1b4f3e4b313da6b0f31cf"}}, {"model": "voting.auditlog", "pk": "7d1accef-68b3-4170-a534-1d6c54deacf7", "fields": {"log_type": "admin_action", "user": ["admin"], "election": null, "details": {"action": "admin_login", "admin_username": "admin"}, "ip_address": "127.0.0.1", "user_agent": "Mozilla/5.0 (Windows NT 10.0; Win64; x64; rv:142.0) Gecko/20100101 Firefox/142.0", "timestamp": "2025-10-04T12:23:30.235Z", "hash_chain": "c76da64fc848080526a0aa1f2eebd10e86be4490897df5c68de52464c0bf063d", "previous_hash": "77dbb615964b0894a4301865e4d0e8a51ef0b8cb5748e2272d8d27e7974e1362"}}, {"model": "voting.auditlog", "pk": "7f032d37-b04a-4369-9b62-0210f502853c", "fields": {"log_type": "user_logout", "user": ["admin"], "election": null, "details": {"user_role": "voter"}, "ip_address": "127.0.0.1", "user_agent": "Mozilla/5.0 (Windows NT 10.0; Win64; x64; rv:142.0) Gecko/20100101 Firefox/142.0", "timestamp": "2025-10-04T14:38:37.545Z", "hash_chain": "b6217ef52e9b1bc2590a0d88af91d5dff29de0737726ea0ffb90508736b25f9c", "previous_hash": "e7a5924608e6a3ca296a6a2210c831cedf6a7eeab496fcbf5fda85e649a93a18"}}, {"model": "voting.auditlog", "pk": "801afbdb-9f14-4372-967b-15ad678b2139", "fields": {"log_type": "voter_registration", "user": ["SAM1234567"], "election": null, "details": {"voter_id": "SAM1234567", "city": "hyderabad", "state": "Telangana"}, "ip_address": "127.0.0.1", "user_agent": "Mozilla/5.0 (Windows NT 10.0; Win64; x64; rv:142.0) Gecko/20100101 Firefox/142.0", "timestamp": "2025-08-20T12:28:15.707Z", "hash_chain": "b308df6e3c58129f6ed6bbf839102f3f0bb593198902d7e6ba4ad6243e91ead8", "previous_hash": ""}}, {"model": "voting.auditlog", "pk": "82f1e22d-c254-47e5-9910-08ed9710fdcf", "fields": {"log_type": "voter_login", "user": ["AKS1234567"], "election": null, "details": {"voter_id": "AKS1234567", "session_id": 19}, "ip_address": "127.0.0.1", "user_agent": "Mozilla/5.0 (Windows NT 10.0; Win64; x64; rv:142.0) Gecko/20100101 Firefox/142.0", "timestamp": "2025-10-04T19:09:58.840Z", "hash_chain": "e6fb412ed15b6ac48e3ae236f7596d5d0e6f8779bd21a2fbcdd513c99d4d4b0a", "previous_hash": "bc2669a4c74df8e306f33a5a1e0524420bc4b300a12670a9cf026235c9d491d8"}}, {"model": "voting.auditlog", "pk": "83908e5e-f884-4a37-b8a5-82597b932465", "fields": {"log_type": "user_logout", "user": ["ABC1234567"], "election": null, "details": {"user_role": "voter"}, "ip_address": "127.0.0.1", "user_agent": "Mozilla/5.0 (Windows NT 10.0; Win64; x64; rv:142.0) Gecko/20100101 Firefox/142.0", "timestamp": "2025-10-04T19:15:04.883Z", "hash_chain": "a65fbf9dba57ba8d08de70311604c0f75d134cb46f9a28ab51bcb775896e6e66", "previous_hash": "0c28befdf6d449af09dd9688338d37392f16c7b134a18bd8612f3011bf7afd5f"}}, {"model": "voting.auditlog", "pk": "841b34e8-0bc4-4829-b672-fc6bf2a32aa0", "fields": {"log_type": "voter_login", "user": ["ABC1234567"], "election": null, "details": {"voter_id": "ABC1234567", "session_id": 15}, "ip_address": "127.0.0.1", "user_agent": "Mozilla/5.0 (Windows NT 10.0; Win64; x64; rv:142.0) Gecko/20100101 Firefox/142.0", "timestamp": "2025-10-04T14:19:38.352Z", "hash_chain": "b3ae30af8070c26751ae6657465c1aea69ff89babc315f85bc0bf2e43c537fa7", "previous_hash": "2dbfaf710fd37f8ded9c9939a9b2540e749f310bb36eed84d0ff4e38d2ea1358"}}, {"model": "voting.auditlog", "pk": "85125d6b-c10b-429c-ba9b-7364bf160abc", "fields": {"log_type": "admin_login", "user": ["admin"], "election": null, "details": {"admin_username": "admin"}, "ip_address": "127.0.0.1", "user_agent": "Mozilla/5.0 (Windows NT 10.0; Win64; x64; rv:142.0) Gecko/20100101 Firefox/142.0", "timestamp": "2025-08-30T08:38:10.218Z", "hash_chain": "81b140c2dbbc4ab96f1ce95dab1fa7c5e8565898ca63653a63612a081f17cf9a", "previous_hash": "a5d0ff55bded0fcf16cc457128c2ca1ca9efa3b15873b3f6b88ff534d5000fac"}}, {"model": "voting.auditlog", "pk": "85963c0a-1473-4f9d-bcbf-b9125345384f", "fields": {"log_type": "user_logout", "user": ["admin"], "election": null, "details": {"user_role": "voter"}, "ip_address": "127.0.0.1", "user_agent": "Mozilla/5.0 (Windows NT 10.0; Win64; x64; rv:142.0) Gecko/20100101 Firefox/142.0", "timestamp": "2025-09-25T07:00:46.813Z", "hash_chain": "6ed71e767a52896a544466ba5905e8d23718566ac5cd9a96b6573ac6f2aa8479", "previous_hash": "a46dae46d4fcdb19842d41afceed284de303afdf6b5f5a5fcf432cbbeb06e810"}}, {"model": "voting.auditlog", "pk": "8630ce93-4f43-43b5-8ebc-a0c128ec0046", "fields": {"log_type": "candidate_added", "user": ["admin"], "election": "0da73345-a058-4543-a24c-f439b062c907", "details": {"candidate_name": "Trial1", "party": "Independent", "constituency": "Mumbai"}, "ip_address": "127.0.0.1", "user_agent": "Mozilla/5.0 (Windows NT 10.0; Win64; x64; rv:142.0) Gecko/20100101 Firefox/142.0", "timestamp": "2025-10-04T14:37:57.686Z", "hash_chain": "43e006f31e6cef471101707f8c235aea1d3f927cd2135a38114f027f4aa219fa", "previous_hash": "7f6975f02c4f6ed36ee6e41c24e1759b3fbc8a8af045f2dead36131975ef8e4d"}}, {"model": "voting.auditlog", "pk": "88f510a1-8908-4fa0-a41c-13f5bda9e7d0", "fields": {"log_type": "admin_action", "user": ["admin"], "election": null, "details": {"action": "admin_login", "admin_username": "admin"}, "ip_address": "127.0.0.1", "user_agent": "Mozilla/5.0 (Windows NT 10.0; Win64; x64; rv:142.0) Gecko/20100101 Firefox/142.0", "timestamp": "2025-10-04T13:15:38.714Z", "hash_chain": "4779968cffb2f62ec9f6371f3eb299473bd8f9ce64aae0d84ab6b85d928eda8c", "previous_hash": "c7444b451bf3f4745b5c897362e358d5f308af0e9aaa71dddc40ae30d8892ae3"}}, {"model": "voting.auditlog", "pk": "8a0eb084-3eff-4c90-aab1-87abbf444977", "fields": {"log_type": "admin_action", "user": ["admin"], "election": null, "details": {"action": "admin_login", "admin_username": "admin"}, "ip_address": "127.0.0.1", "user_agent": "Mozilla/5.0 (Windows NT 10.0; Win64; x64; rv:142.0) Gecko/20100101 Firefox/142.0", "timestamp": "2025-09-02T02:56:00.885Z", "hash_chain": "efb4ab07ff420008c8863f28f3e908459dfd4009e7534dcccf2522a2b5026197", "previous_hash": "4866651db3ff7434f9461c3710bf4b95b23a41300d1004de32e0412df80fd42b"}}, {"model": "voting.auditlog", "pk": "8aa006e1-3015-424b-9d2b-6a55760c6f4c", "fields": {"log_type": "voter_login", "user": ["ABC1234567"], "election": null, "details": {"voter_id": "ABC1234567", "session_id": 16}, "ip_address": "127.0.0.1", "user_agent": "Mozilla/5.0 (Windows NT 10.0; Win64; x64; rv:142.0) Gecko/20100101 Firefox/142.0", "timestamp": "2025-10-04T14:29:49.486Z", "hash_chain": "85183a0533f3d88557791ee99cbe3960a4f79d6fc8f1512187e03470820afe7e", "previous_hash": "f6a31564db5c911bfc252cb9ff632f22de2671ae9d3b7205d10f66ee8caef877"}}, {"model": "voting.auditlog", "pk": "8ca9bff7-88dd-4bd2-add7-560fbe6da4e4", "fields": {"log_type": "admin_action", "user": ["admin"], "election": null, "details": {"action": "admin_login", "admin_username": "admin"}, "ip_address": "127.0.0.1", "user_agent": "Mozilla/5.0 (Windows NT 10.0; Win64; x64; rv:142.0) Gecko/20100101 Firefox/142.0", "timestamp": "2025-10-04T14:30:31.605Z", "hash_chain": "69a1cb61760cf19bd510b4fe62146928a184fcc90e8306a1a2db9629b98f6675", "previous_hash": "b281644fb5511148f1697d7d54588cb5bf6f0216bb601626378bc5d3e60b348a"}}, {"model": "voting.auditlog", "pk": "8cad8b8c-7202-4f49-b4b5-0eaec3708a75", "fields": {"log_type": "voter_login", "user": ["ABC1234567"], "election": null, "details": {"voter_id": "ABC1234567", "session_id": 20}, "ip_address": "127.0.0.1", "user_agent": "Mozilla/5.0 (Windows NT 10.0; Win64; x64; rv:142.0) Gecko/20100101 Firefox/142.0", "timestamp": "2025-10-04T19:11:51.444Z", "hash_chain": "0c28befdf6d449af09dd9688338d37392f16c7b134a18bd8612f3011bf7afd5f", "previous_hash": "a146b64358ee403febb5969157edf4a072c01346f9c2d5bedcc365a2279f6003"}}, {"model": "voting.auditlog", "pk": "94bd363e-a484-447a-8fb3-e1d54f8a5a1f", "fields": {"log_type": "admin_action", "user": ["admin"], "election": null, "details": {"action": "admin_login", "admin_username": "admin"}, "ip_address": "127.0.0.1", "user_agent": "Mozilla/5.0 (Windows NT 10.0; Win64; x64; rv:142.0) Gecko/20100101 Firefox/142.0", "timestamp": "2025-10-04T11:03:21.101Z", "hash_chain": "77dbb615964b0894a4301865e4d0e8a51ef0b8cb5748e2272d8d27e7974e1362", "previous_hash": "9b71beb75537b09689251bc41349c3c55a9100fa1f65b7ae5fbbc4a5464a5e47"}}, {"model": "voting.auditlog", "pk": "993b6998-2ebe-402b-8ab4-bab58a3b13ab", "fields": {"log_type": "voter_login", "user": ["AKS1234567"], "election": null, "details": {"voter_id": "AKS1234567"}, "ip_address": "127.0.0.1", "user_agent": "Mozilla/5.0 (Windows NT 10.0; Win64; x64; rv:142.0) Gecko/20100101 Firefox/142.0", "timestamp": "2025-08-21T07:28:12.503Z", "hash_chain": "1f6e6ab60747aecee1cd2010534b9338a2489e388e4da24b3840ed61f016e49d", "previous_hash": "8ab51862794eb09cc9d64e683da75e2c1cd417e1c99d3995a2b9775a4b9b1f2d"}}, {"model": "voting.auditlog", "pk": "9a8e8a1a-09fe-4080-a47b-188b0b45e22b", "fields": {"log_type": "election_created", "user": ["admin"], "election": "32739dda-2213-4fd1-80ee-3eec0b8083f9", "details": {"election_name": "Maharashtra Municipal Election 2025", "election_type": "Municipal", "state": "Maharashtra"}, "ip_address": "127.0.0.1", "user_agent": "Mozilla/5.0 (Windows NT 10.0; Win64; x64; rv:142.0) Gecko/20100101 Firefox/142.0", "timestamp": "2025-08-20T12:40:34.372Z", "hash_chain": "99a88f160a771d8016ba42212f4092909bbd5986d72e2ef25c6eea5804435f3d", "previous_hash": "e5cc37fe241cfc720639edfecb3899c7467c157d8fd909a82494968617708a7e"}}, {"model": "voting.auditlog", "pk": "9d121997-db0a-471c-b151-62674e8f0b5b", "fields": {"log_type": "user_logout", "user": ["ABC1234567"], "election": null, "details": {"user_role": "voter"}, "ip_address": "127.0.0.1", "user_agent": "Mozilla/5.0 (Windows NT 10.0; Win64; x64; rv:142.0) Gecko/20100101 Firefox/142.0", "timestamp": "2025-08-29T18:07:09.779Z", "hash_chain": "110a48578a0ac21d5f88f0588f010092192d99931ca9e45986d4c992d7cb1dda", "previous_hash": "ce31f27725797a76914973ccfe98f959b87508798672f05d5f1b707cc8f8bcab"}}, {"model": "voting.auditlog", "pk": "9dd9bcd5-e69f-4662-ad10-c11f5f022785", "fields": {"log_type": "admin_action", "user": ["admin"], "election": null, "details": {"action": "admin_login", "admin_username": "admin"}, "ip_address": "127.0.0.1", "user_agent": "Mozilla/5.0 (Windows NT 10.0; Win64; x64; rv:142.0) Gecko/20100101 Firefox/142.0", "timestamp": "2025-09-02T03:06:27.721Z", "hash_chain": "6953c902ef0f51f9315bf23320e4b99ba78299fe78d9b82109566d17992e01d0", "previous_hash": "efb4ab07ff420008c8863f28f3e908459dfd4009e7534dcccf2522a2b5026197"}}, {"model": "voting.auditlog", "pk": "9e085e93-b44f-4a76-8366-924930a4c29b", "fields": {"log_type": "voter_login", "user": ["ABC1234567"], "election": null, "details": {"voter_id": "ABC1234567", "session_id": 12}, "ip_address": "127.0.0.1", "user_agent": "Mozilla/5.0 (Windows NT 10.0; Win64; x64; rv:142.0) Gecko/20100101 Firefox/142.0", "timestamp": "2025-09-25T07:00:54.387Z", "hash_chain": "fb7f0bffeeffdf9c4dcff9cae18bb9a745f51ffdc20c2aa9370c62a7cb1011aa", "previous_hash": "6ed71e767a52896a544466ba5905e8d23718566ac5cd9a96b6573ac6f2aa8479"}}, {"model": "voting.auditlog", "pk": "9e7c9abf-bef3-4c2a-bb70-40b79ce64e0b", "fields": {"log_type": "voter_login", "user": ["AKS1234567"], "election": null, "details": {"voter_id": "AKS1234567"}, "ip_address": "127.0.0.1", "user_agent": "Mozilla/5.0 (Windows NT 10.0; Win64; x64; rv:142.0) Gecko/20100101 Firefox/142.0", "timestamp": "2025-08-20T19:47:46.032Z", "hash_chain": "0e95364333741c04643fae0482823456f2454a80e47c69551a72033c90af4cc5", "previous_hash": "77fe68320a4af2d422e88e41b19222eb3374c137ea4293615af23ea3bffec580"}}, {"model": "voting.auditlog", "pk": "a0754e3e-3616-4e19-81d7-217cbd5e51c2", "fields": {"log_type": "candidate_added", "user": ["admin"], "election": "6734570c-426a-4d41-8db8-fd145dbd7b36", "details": {"candidate_name": "Eshanika", "party": "Left Front", "constituency": "Ward 25"}, "ip_address": "127.0.0.1", "user_agent": "Mozilla/5.0 (Windows NT 10.0; Win64; x64; rv:142.0) Gecko/20100101 Firefox/142.0", "timestamp": "2025-08-20T17:21:00.621Z", "hash_chain": "bc2a005dc2c3392bb3e30da9d4079126ce38d2e171893e68ca828e37a3225c20", "previous_hash": "6f8e7c868529f5520d0fb9647eba1cbc0374691be9f659aaad4e0ad0a45a258c"}}, {"model": "voting.auditlog", "pk": "a0b5ff33-08fc-41e3-9691-2f2dd072c7e1", "fields": {"log_type": "candidate_added", "user": ["admin"], "election": "224c6310-c935-4aa2-a9bd-8dabca755e54", "details": {"candidate_name": "Eshanika", "party": "Left Front", "constituency": "Ward 25", "action": "linked existing candidate"}, "ip_address": "127.0.0.1", "user_agent": "Mozilla/5.0 (Windows NT 10.0; Win64; x64; rv:142.0) Gecko/20100101 Firefox/142.0", "timestamp": "2025-10-04T18:59:20.710Z", "hash_chain": "4ed4f82c67aa30f2cc6135b3e1388df0fd9679177059e9c4e163b60f7b4c0b0e", "previous_hash": "ce7b279c66efdea0bd9ff49f8e45dd0c14880b8fd24975b0d668493149e4ff1d"}}, {"model": "voting.auditlog", "pk": "a7de73a1-f2a5-4ecb-84a4-fe4b2b9276e6", "fields": {"log_type": "admin_login", "user": ["admin"], "election": null, "details": {"admin_username": "admin"}, "ip_address": "127.0.0.1", "user_agent": "Mozilla/5.0 (Windows NT 10.0; Win64; x64; rv:142.0) Gecko/20100101 Firefox/142.0", "timestamp": "2025-08-20T17:19:39.525Z", "hash_chain": "6f8e7c868529f5520d0fb9647eba1cbc0374691be9f659aaad4e0ad0a45a258c", "previous_hash": "5d0ba3c73661983b697d44b7741398f9ef5d3abbb3933030ebe4c7a3600cfb47"}}, {"model": "voting.auditlog", "pk": "a850f19b-35f9-4073-b4e7-6b87992e0729", "fields": {"log_type": "admin_action", "user": ["admin"], "election": null, "details": {"action": "admin_login", "admin_username": "admin"}, "ip_address": "127.0.0.1", "user_agent": "Mozilla/5.0 (Windows NT 10.0; Win64; x64; rv:142.0) Gecko/20100101 Firefox/142.0", "timestamp": "2025-09-02T03:22:49.074Z", "hash_chain": "32c1bfc858cf70df006fccf37bd0d946a673c5b247029878c00f6a5a11ae562c", "previous_hash": "6953c902ef0f51f9315bf23320e4b99ba78299fe78d9b82109566d17992e01d0"}}, {"model": "voting.auditlog", "pk": "a8d32bf8-f968-4daf-b47b-2a8032c3a3d3", "fields": {"log_type": "voter_approved", "user": ["admin"], "election": null, "details": {"voter_id": "SAM1234567", "approved_voter_name": "Samiksha Amballa", "admin_id": 1}, "ip_address": "127.0.0.1", "user_agent": "Mozilla/5.0 (Windows NT 10.0; Win64; x64; rv:142.0) Gecko/20100101 Firefox/142.0", "timestamp": "2025-08-20T16:36:32.911Z", "hash_chain": "641bfa6ba43d5468c2ed145c857022c03025e76e2356f20e7993c5056d9c41d1", "previous_hash": "afde4fd55afa2b28ba9ddaee817de5a219bfae9d95b1f371bf1ef9777eb20cc8"}}, {"model": "voting.auditlog", "pk": "aa53864c-7e08-41cc-b60c-459db2c0d5eb", "fields": {"log_type": "election_created", "user": ["admin"], "election": "224c6310-c935-4aa2-a9bd-8dabca755e54", "details": {"election_name": "new demo", "election_type": "Municipal", "state": "Maharashtra", "lamport_timestamp": 1759604336740.322, "replication_factor": 3, "consensus_threshold": 51}, "ip_address": "127.0.0.1", "user_agent": "Mozilla/5.0 (Windows NT 10.0; Win64; x64; rv:142.0) Gecko/20100101 Firefox/142.0", "timestamp": "2025-10-04T18:58:56.753Z", "hash_chain": "ce7b279c66efdea0bd9ff49f8e45dd0c14880b8fd24975b0d668493149e4ff1d", "previous_hash": "6f1dde3dcc4cf296d3fd51e4bc772d386638387832be4a6e99bb922c6da8ef21"}}, {"model": "voting.auditlog", "pk": "ad59232e-ce37-464e-a2b5-43770932c9d8", "fields": {"log_type": "admin_login", "user": ["admin"], "election": null, "details": {"admin_username": "admin"}, "ip_address": "127.0.0.1", "user_agent": "Mozilla/5.0 (Windows NT 10.0; Win64; x64; rv:142.0) Gecko/20100101 Firefox/142.0", "timestamp": "2025-08-21T06:26:22.959Z", "hash_chain": "851960a2285613fb16bb45ca8b0e96a960e35a0e7a71a6fb13f3050ae601dc7e", "previous_hash": "cc8daa2de7d6d542c998442861d08e708e9ed56f60a6870273b4371a745c753e"}}, {"model": "voting.auditlog", "pk": "ae34d96f-9fcd-461c-908e-371db70fb675", "fields": {"log_type": "user_logout", "user": ["AKS1234567"], "election": null, "details": {"user_role": "voter"}, "ip_address": "127.0.0.1", "user_agent": "Mozilla/5.0 (Windows NT 10.0; Win64; x64; rv:142.0) Gecko/20100101 Firefox/142.0", "timestamp": "2025-08-21T07:28:33.357Z", "hash_chain": "76f19cecbbbf4a7b597206a4267bebf29ae9c4db38d648570dd2b36979a3734d", "previous_hash": "1f6e6ab60747aecee1cd2010534b9338a2489e388e4da24b3840ed61f016e49d"}}, {"model": "voting.auditlog", "pk": "b1e2ac1e-4de0-4811-834c-797be1d3e270", "fields": {"log_type": "election_created", "user": ["admin"], "election": "6734570c-426a-4d41-8db8-fd145dbd7b36", "details": {"election_name": "Trial election", "election_type": "General Election", "state": "Maharashtra", "lamport_timestamp": 1755710259775.6716}, "ip_address": "127.0.0.1", "user_agent": "Mozilla/5.0 (Windows NT 10.0; Win64; x64; rv:142.0) Gecko/20100101 Firefox/142.0", "timestamp": "2025-08-20T17:17:40.063Z", "hash_chain": "ee96e490f02cdf055add4b29ddc896c2894baddb76ade90928ddf77aa3d13a02", "previous_hash": "96337b36f658a5720c28a0c9f2e732856a7fbc6836123e0aa96241e3ec080714"}}, {"model": "voting.auditlog", "pk": "b2d05d80-afcd-4840-b0da-6211fccbc6a1", "fields": {"log_type": "admin_login", "user": ["admin"], "election": null, "details": {"admin_username": "admin"}, "ip_address": "127.0.0.1", "user_agent": "Mozilla/5.0 (Windows NT 10.0; Win64; x64; rv:142.0) Gecko/20100101 Firefox/142.0", "timestamp": "2025-08-20T12:29:28.821Z", "hash_chain": "c6f48f3972984ffa99754881bcaf838a335b59f376107ed7f48ce93e09e65cca", "previous_hash": "b308df6e3c58129f6ed6bbf839102f3f0bb593198902d7e6ba4ad6243e91ead8"}}, {"model": "voting.auditlog", "pk": "b3959159-a600-44ca-9528-d21073ce78fd", "fields": {"log_type": "user_logout", "user": ["admin"], "election": null, "details": {"user_role": "voter"}, "ip_address": "127.0.0.1", "user_agent": "Mozilla/5.0 (Windows NT 10.0; Win64; x64; rv:142.0) Gecko/20100101 Firefox/142.0", "timestamp": "2025-10-04T19:01:57.473Z", "hash_chain": "43258348dfd0c517e71fd63c775e4a2cb74d1a7111519493648d072fde41bfcd", "previous_hash": "46974b9767b75975edc4ce1ccf0440e0e781be00c14a668640a742f709a3fc94"}}, {"model": "voting.auditlog", "pk": "b3c76701-ca33-4205-9ae7-e9ca265c1127", "fields": {"log_type": "voter_login", "user": ["ABC1234567"], "election": null, "details": {"voter_id": "ABC1234567"}, "ip_address": "127.0.0.1", "user_agent": "Mozilla/5.0 (Windows NT 10.0; Win64; x64; rv:142.0) Gecko/20100101 Firefox/142.0", "timestamp": "2025-09-01T17:42:00.105Z", "hash_chain": "8d531f4d19bb385d11f3c77a04ec2ae8735bd1663f338275dcb5f902789b408c", "previous_hash": "3f871bd3d8d73acd35547e511d2e409439ddc8cc2c4feaaf053d6b2ce4cc3ca7"}}, {"model": "voting.auditlog", "pk": "b4632470-f945-4d1a-924a-d48f75bba81c", "fields": {"log_type": "user_logout", "user": ["MOM1234567"], "election": null, "details": {"user_role": "voter"}, "ip_address": "127.0.0.1", "user_agent": "Mozilla/5.0 (Windows NT 10.0; Win64; x64; rv:142.0) Gecko/20100101 Firefox/142.0", "timestamp": "2025-08-20T16:13:38.755Z", "hash_chain": "5a554ee40482b234582d5e88fdd467927cf0590878c3fadde2a5f3fb00acef97", "previous_hash": "22aebad4848c46b44923984f5a3f8575e294134c35c5ad5931760100511aebcb"}}, {"model": "voting.auditlog", "pk": "b6193246-cf0d-4172-a190-0e40cf240f35", "fields": {"log_type": "voter_login", "user": ["ABC1234567"], "election": null, "details": {"voter_id": "ABC1234567"}, "ip_address": "127.0.0.1", "user_agent": "Mozilla/5.0 (Windows NT 10.0; Win64; x64; rv:142.0) Gecko/20100101 Firefox/142.0", "timestamp": "2025-08-29T18:25:25.015Z", "hash_chain": "3fa42c86a6d06124d5ae59dd8897f5e3cb51e671d86433d663eb04b13ccc0e3c", "previous_hash": "52215aaccdd2862716cd132c7a30db3b45ebc2901fbae86142aa211ce7340449"}}, {"model": "voting.auditlog", "pk": "b6bb9fd1-970d-4636-8590-d95a5bdad782", "fields": {"log_type": "user_logout", "user": ["ABC1234567"], "election": null, "details": {"user_role": "voter"}, "ip_address": "127.0.0.1", "user_agent": "Mozilla/5.0 (Windows NT 10.0; Win64; x64; rv:142.0) Gecko/20100101 Firefox/142.0", "timestamp": "2025-08-21T06:29:05.464Z", "hash_chain": "62d8faa2001acab7cf7d5a34950edfce1e1660e92c7f9704d0f16acf957e0f40", "previous_hash": "b7003252a9a05bf2283c27afd9df8ed13dbc9b6966561fdad43cf033b05364f9"}}, {"model": "voting.auditlog", "pk": "b74b0da3-f72a-4e34-a487-72acfbc82d1d", "fields": {"log_type": "user_logout", "user": ["ABC1234567"], "election": null, "details": {"user_role": "voter"}, "ip_address": "127.0.0.1", "user_agent": "Mozilla/5.0 (Windows NT 10.0; Win64; x64; rv:142.0) Gecko/20100101 Firefox/142.0", "timestamp": "2025-10-04T14:17:52.552Z", "hash_chain": "a7e33b5130de99636296b4f83607a122747255f45b4f894eb8106ea933533088", "previous_hash": "81d538e5c7a1bb92b0bbdb0c693edc68424465cba69b2833ac2dd2ccbc9a1fef"}}, {"model": "voting.auditlog", "pk": "b76e2c14-18ae-4c9f-b421-063d883430af", "fields": {"log_type": "voter_login", "user": ["ABC1234567"], "election": null, "details": {"voter_id": "ABC1234567"}, "ip_address": "127.0.0.1", "user_agent": "Mozilla/5.0 (Windows NT 10.0; Win64; x64; rv:142.0) Gecko/20100101 Firefox/142.0", "timestamp": "2025-08-29T18:49:46.321Z", "hash_chain": "ce457051bd9e2189f27b3d797470e07a6d5ae34d0c8f11717e288ee4af2d9009", "previous_hash": "18c28423e55c941087ae5f137f37771a656e79c37846a3c5d56374baa31f41a6"}}, {"model": "voting.auditlog", "pk": "b8ebb670-cb52-4bb0-9273-5da93ba64600", "fields": {"log_type": "voter_login", "user": ["ABC1234567"], "election": null, "details": {"voter_id": "ABC1234567", "session_id": 18}, "ip_address": "127.0.0.1", "user_agent": "Mozilla/5.0 (Windows NT 10.0; Win64; x64; rv:142.0) Gecko/20100101 Firefox/142.0", "timestamp": "2025-10-04T19:02:07.016Z", "hash_chain": "bc2669a4c74df8e306f33a5a1e0524420bc4b300a12670a9cf026235c9d491d8", "previous_hash": "43258348dfd0c517e71fd63c775e4a2cb74d1a7111519493648d072fde41bfcd"}}, {"model": "voting.auditlog", "pk": "bb26611f-7c34-4cf2-8f73-32efbdbcf1f8", "fields": {"log_type": "user_logout", "user": ["admin"], "election": null, "details": {"user_role": "voter"}, "ip_address": "127.0.0.1", "user_agent": "Mozilla/5.0 (Windows NT 10.0; Win64; x64; rv:142.0) Gecko/20100101 Firefox/142.0", "timestamp": "2025-10-04T19:11:35.385Z", "hash_chain": "a146b64358ee403febb5969157edf4a072c01346f9c2d5bedcc365a2279f6003", "previous_hash": "e3a86a341085b1038989112fb56ed54c48ad1d05a1dddee8c6771aa849177391"}}, {"model": "voting.auditlog", "pk": "bc751ed0-f4ef-4e4f-8d66-caf4b43beb45", "fields": {"log_type": "voter_login", "user": ["SAM1234567"], "election": null, "details": {"voter_id": "SAM1234567"}, "ip_address": "127.0.0.1", "user_agent": "Mozilla/5.0 (Windows NT 10.0; Win64; x64; rv:142.0) Gecko/20100101 Firefox/142.0", "timestamp": "2025-08-29T18:59:30.837Z", "hash_chain": "c61c3f4ff1d09ad5d6e491a06974b2b6ea36a64f2dc61718ec8c6f590a5d3829", "previous_hash": "9582ddfa85510a34e798163b8f3de62449032b09268ba3949ed9cc60f021862c"}}, {"model": "voting.auditlog", "pk": "bcd1a7b0-09f7-408a-a2ab-137c8cec7e2b", "fields": {"log_type": "admin_login", "user": ["admin"], "election": null, "details": {"admin_username": "admin"}, "ip_address": "127.0.0.1", "user_agent": "Mozilla/5.0 (Windows NT 10.0; Win64; x64; rv:142.0) Gecko/20100101 Firefox/142.0", "timestamp": "2025-08-20T16:10:07.475Z", "hash_chain": "71082212a827ec581399e4fa8d1c71c201d77bab4a84dd7a18406f6773b1eaa1", "previous_hash": "16ef7324188d96b655f44d2a9fa64d10f67aabf9814bd514d027b626c480ad7c"}}, {"model": "voting.auditlog", "pk": "c0137033-a289-4fa7-ab9b-2728fe683e43", "fields": {"log_type": "user_logout", "user": ["AKS1234567"], "election": null, "details": {"user_role": "voter"}, "ip_address": "127.0.0.1", "user_agent": "Mozilla/5.0 (Windows NT 10.0; Win64; x64; rv:142.0) Gecko/20100101 Firefox/142.0", "timestamp": "2025-08-20T16:14:13.419Z", "hash_chain": "b4feb72e3dc25fc897d17aa177699571b9f72f8bbfa1b4f3e4b313da6b0f31cf", "previous_hash": "04d755f3cb1fdee11a685589fbe0308e4f0020bbef1efe3ab900d3604e715628"}}, {"model": "voting.auditlog", "pk": "c4ab2914-7d39-4e76-a137-76de5cc42f59", "fields": {"log_type": "admin_login", "user": ["admin"], "election": null, "details": {"admin_username": "admin"}, "ip_address": "127.0.0.1", "user_agent": "Mozilla/5.0 (Windows NT 10.0; Win64; x64; rv:142.0) Gecko/20100101 Firefox/142.0", "timestamp": "2025-08-21T02:55:30.791Z", "hash_chain": "03ceb3d90e9ae4421b40b8e350eaac2620ccfdde280f879cc73cecb7b55452ee", "previous_hash": "0e95364333741c04643fae0482823456f2454a80e47c69551a72033c90af4cc5"}}, {"model": "voting.auditlog", "pk": "c51b5e94-d3fa-46a2-9eff-9b52779faeca", "fields": {"log_type": "voter_login", "user": ["AKS1234567"], "election": null, "details": {"voter_id": "AKS1234567", "session_id": 5}, "ip_address": "127.0.0.1", "user_agent": "Mozilla/5.0 (Windows NT 10.0; Win64; x64; rv:142.0) Gecko/20100101 Firefox/142.0", "timestamp": "2025-08-20T16:14:00.864Z", "hash_chain": "04d755f3cb1fdee11a685589fbe0308e4f0020bbef1efe3ab900d3604e715628", "previous_hash": "5a554ee40482b234582d5e88fdd467927cf0590878c3fadde2a5f3fb00acef97"}}, {"model": "voting.auditlog", "pk": "c700283d-7dff-4164-ac2d-a0155134878c", "fields": {"log_type": "admin_action", "user": ["admin"], "election": null, "details": {"action": "admin_login", "admin_username": "admin"}, "ip_address": "127.0.0.1", "user_agent": "Mozilla/5.0 (Windows NT 10.0; Win64; x64; rv:142.0) Gecko/20100101 Firefox/142.0", "timestamp": "2025-10-04T18:52:31.650Z", "hash_chain": "6f1dde3dcc4cf296d3fd51e4bc772d386638387832be4a6e99bb922c6da8ef21", "previous_hash": "c9828b5c423465d00c45c068e450ad5d7180b2c0d0451ddb77fa829d6bc7889f"}}, {"model": "voting.auditlog", "pk": "c7be50cb-e799-44f5-b63d-dcb04eb017d7", "fields": {"log_type": "user_logout", "user": ["admin"], "election": null, "details": {"user_role": "voter"}, "ip_address": "127.0.0.1", "user_agent": "Mozilla/5.0 (Windows NT 10.0; Win64; x64; rv:142.0) Gecko/20100101 Firefox/142.0", "timestamp": "2025-08-21T07:27:50.633Z", "hash_chain": "8ab51862794eb09cc9d64e683da75e2c1cd417e1c99d3995a2b9775a4b9b1f2d", "previous_hash": "812c75e4e331b633615744ac5c234356b1cd3b5e4d14ddf8adc92f23ba530152"}}, {"model": "voting.auditlog", "pk": "c8c2b624-c86f-49e0-a587-07b27576fe43", "fields": {"log_type": "user_logout", "user": ["admin"], "election": null, "details": {"user_role": "voter"}, "ip_address": "127.0.0.1", "user_agent": "Mozilla/5.0 (Windows NT 10.0; Win64; x64; rv:142.0) Gecko/20100101 Firefox/142.0", "timestamp": "2025-08-20T16:12:39.550Z", "hash_chain": "acf06169debd41a02d358ff1251fd688cfb511d1541ec3364b9a3b5fb5ef6289", "previous_hash": "71082212a827ec581399e4fa8d1c71c201d77bab4a84dd7a18406f6773b1eaa1"}}, {"model": "voting.auditlog", "pk": "cb9612f7-ae39-48f1-b3d5-1b93ccadef12", "fields": {"log_type": "admin_login", "user": ["admin"], "election": null, "details": {"admin_username": "admin"}, "ip_address": "127.0.0.1", "user_agent": "Mozilla/5.0 (Windows NT 10.0; Win64; x64; rv:142.0) Gecko/20100101 Firefox/142.0", "timestamp": "2025-08-29T18:57:07.573Z", "hash_chain": "74a9c45c72e044dbf7570e3babb311e679dcac6ed94939845e4c5592a52a1831", "previous_hash": "327839e546fe495ec346ef2c1075b0cf8c20e9cd2c0cb58dff724874fb770d06"}}, {"model": "voting.auditlog", "pk": "cc2f44d8-0fa7-47e2-85d8-e730d58ce3ed", "fields": {"log_type": "admin_action", "user": ["admin"], "election": null, "details": {"action": "admin_login", "admin_username": "admin"}, "ip_address": "127.0.0.1", "user_agent": "Mozilla/5.0 (Windows NT 10.0; Win64; x64; rv:142.0) Gecko/20100101 Firefox/142.0", "timestamp": "2025-10-04T14:39:24.331Z", "hash_chain": "c9828b5c423465d00c45c068e450ad5d7180b2c0d0451ddb77fa829d6bc7889f", "previous_hash": "4e6bc127f68484583c3a00a7945b6c75f9947caff131b91ef7836f8d2936122c"}}, {"model": "voting.auditlog", "pk": "cfff76e0-1b01-43c0-8b66-3ecfa49fa70c", "fields": {"log_type": "voter_login", "user": ["AKS1234567"], "election": null, "details": {"voter_id": "AKS1234567", "session_id": 10}, "ip_address": "127.0.0.1", "user_agent": "Mozilla/5.0 (Windows NT 10.0; Win64; x64; rv:142.0) Gecko/20100101 Firefox/142.0", "timestamp": "2025-08-20T18:39:20.174Z", "hash_chain": "d767eb16ed547f65ad4cfe28a6369ac019527136de1310edc77a86eee131a042", "previous_hash": "59fcc279931ba1bec63691e857749cad4dbd3fd2a99fc039c8f46827146e4e5d"}}, {"model": "voting.auditlog", "pk": "d09823de-3ace-4592-8924-89723a2e3f13", "fields": {"log_type": "voter_login", "user": ["ABC1234567"], "election": null, "details": {"voter_id": "ABC1234567", "session_id": 17}, "ip_address": "127.0.0.1", "user_agent": "Mozilla/5.0 (Windows NT 10.0; Win64; x64; rv:142.0) Gecko/20100101 Firefox/142.0", "timestamp": "2025-10-04T14:38:44.001Z", "hash_chain": "b7771fb704ae25b9a2e683876ce091c61f7d7b522725517102fe5727fa25ff7e", "previous_hash": "b6217ef52e9b1bc2590a0d88af91d5dff29de0737726ea0ffb90508736b25f9c"}}, {"model": "voting.auditlog", "pk": "d217a25f-abb3-4eb6-9ba1-0c2907a914e2", "fields": {"log_type": "admin_action", "user": ["admin"], "election": null, "details": {"action": "admin_login", "admin_username": "admin"}, "ip_address": "127.0.0.1", "user_agent": "Mozilla/5.0 (Windows NT 10.0; Win64; x64; rv:142.0) Gecko/20100101 Firefox/142.0", "timestamp": "2025-10-04T14:28:48.301Z", "hash_chain": "c5f219fec164710145dd4127854e278c6a2339ae05b7c2123d0be86497b1f3db", "previous_hash": "c2dced4dabd4484a12c9dd4b1c8a06c4ecf384069a3497960632f668b36f6934"}}, {"model": "voting.auditlog", "pk": "d5952a24-8d17-4f2f-96da-6985172c2b8f", "fields": {"log_type": "voter_login", "user": ["ABC1234567"], "election": null, "details": {"voter_id": "ABC1234567"}, "ip_address": "127.0.0.1", "user_agent": "Mozilla/5.0 (Windows NT 10.0; Win64; x64; rv:142.0) Gecko/20100101 Firefox/142.0", "timestamp": "2025-08-29T17:38:41.833Z", "hash_chain": "cb02d2070daf1a6d5d7e4f17ab9cb5cb0d176d3ddf7f50abde0076c4f9f9863a", "previous_hash": "2eadc22985cf7a45657a008230c52e823c0aa381d8f7742e4738848816d820bb"}}, {"model": "voting.auditlog", "pk": "d73e9b27-49f5-46e4-87f2-bfd9e52c3a90", "fields": {"log_type": "admin_action", "user": ["admin"], "election": null, "details": {"action": "admin_login", "admin_username": "admin"}, "ip_address": "127.0.0.1", "user_agent": "Mozilla/5.0 (Windows NT 10.0; Win64; x64; rv:142.0) Gecko/20100101 Firefox/142.0", "timestamp": "2025-09-25T07:05:58.319Z", "hash_chain": "9b71beb75537b09689251bc41349c3c55a9100fa1f65b7ae5fbbc4a5464a5e47", "previous_hash": "58a86d19455a8ff4725d30034241da1e6e0a9ed3979ec8d66c8cadf7b82c71d9"}}, {"model": "voting.auditlog", "pk": "da335671-825a-4c48-9d17-7553528ce242", "fields": {"log_type": "admin_action", "user": ["admin"], "election": null, "details": {"action": "admin_login", "admin_username": "admin"}, "ip_address": "127.0.0.1", "user_agent": "Mozilla/5.0 (Windows NT 10.0; Win64; x64; rv:142.0) Gecko/20100101 Firefox/142.0", "timestamp": "2025-09-01T19:14:12.443Z", "hash_chain": "4866651db3ff7434f9461c3710bf4b95b23a41300d1004de32e0412df80fd42b", "previous_hash": "dddd159429c90cf239472eeffc6e9c50b1bd66a5e7c7f3b8acefe81d21f0cc21"}}, {"model": "voting.auditlog", "pk": "de2171d3-80ad-4d63-b7b7-47394a8dc6cf", "fields": {"log_type": "voter_login", "user": ["AKS1234567"], "election": null, "details": {"voter_id": "AKS1234567", "session_id": 22}, "ip_address": "127.0.0.1", "user_agent": "Mozilla/5.0 (Windows NT 10.0; Win64; x64) AppleWebKit/537.36 (KHTML, like Gecko) Chrome/140.0.0.0 Safari/537.36", "timestamp": "2025-10-04T19:36:51.804Z", "hash_chain": "e2c42aed249b3d06b6a1c487e547296fa72b80782496900efda193cfe9f2ef79", "previous_hash": "96789171dfcc1f1b670d4047d24b91e62874d271bb0e5aa291b4fc7d7e217ce6"}}, {"model": "voting.auditlog", "pk": "e100931a-e749-41d4-a8a4-4a05ca8ab820", "fields": {"log_type": "voter_login", "user": ["ABC1234567"], "election": null, "details": {"voter_id": "ABC1234567"}, "ip_address": "127.0.0.1", "user_agent": "Mozilla/5.0 (Windows NT 10.0; Win64; x64; rv:142.0) Gecko/20100101 Firefox/142.0", "timestamp": "2025-08-30T07:31:27.264Z", "hash_chain": "b5508081863f579de3f0b85ee76ac17716b451189954ed5ff2ef96613f58c42a", "previous_hash": "67bb55310e3a0c22826f088be7235618a27e9ee583bdcefa8ce6dc99e809b23a"}}, {"model": "voting.auditlog", "pk": "e14ae78e-a783-48a2-958e-22762f6498e0", "fields": {"log_type": "user_logout", "user": ["admin"], "election": null, "details": {"user_role": "voter"}, "ip_address": "127.0.0.1", "user_agent": "Mozilla/5.0 (Windows NT 10.0; Win64; x64; rv:142.0) Gecko/20100101 Firefox/142.0", "timestamp": "2025-08-21T06:27:26.271Z", "hash_chain": "ab38996aa16947834e360016102787a803881ed05f540ffa989e77a85e605133", "previous_hash": "9ca71fd87e2453240eaa46955e37cc7deb36b09d13b2af6707b21e174861f822"}}, {"model": "voting.auditlog", "pk": "e24c0eab-5ee1-4441-9301-3130f29e69f0", "fields": {"log_type": "admin_login", "user": ["admin"], "election": null, "details": {"admin_username": "admin"}, "ip_address": "127.0.0.1", "user_agent": "Mozilla/5.0 (Windows NT 10.0; Win64; x64; rv:142.0) Gecko/20100101 Firefox/142.0", "timestamp": "2025-08-29T18:53:17.309Z", "hash_chain": "327839e546fe495ec346ef2c1075b0cf8c20e9cd2c0cb58dff724874fb770d06", "previous_hash": "fddafcc67a82c3b38f03713e9aa7dfec58ab0adf245e8fb97e194727a7719e86"}}, {"model": "voting.auditlog", "pk": "e31d2360-0aa2-4deb-ba98-90aacadc4120", "fields": {"log_type": "user_logout", "user": ["ABC1234567"], "election": null, "details": {"user_role": "voter"}, "ip_address": "127.0.0.1", "user_agent": "Mozilla/5.0 (Windows NT 10.0; Win64; x64; rv:142.0) Gecko/20100101 Firefox/142.0", "timestamp": "2025-09-25T07:01:43.274Z", "hash_chain": "099a56d2261f5d401c2f3f529356f421317f61ef2c4f371906092f5bc6348f59", "previous_hash": "fb7f0bffeeffdf9c4dcff9cae18bb9a745f51ffdc20c2aa9370c62a7cb1011aa"}}, {"model": "voting.auditlog", "pk": "e3f558af-8eff-4bde-8dc9-879990c566e1", "fields": {"log_type": "vote_cast", "user": ["AKS1234567"], "election": "425e2953-21a0-4675-88df-f6b460c40384", "details": {"voter_id": "AKS1234567", "candidate_name": "Trial Candidate", "vote_hash": "904044fc82992360aed346271af5393eff3d3445dced4c6d12328edd35cc0eba"}, "ip_address": "127.0.0.1", "user_agent": "Mozilla/5.0 (Windows NT 10.0; Win64; x64) AppleWebKit/537.36 (KHTML, like Gecko) Chrome/140.0.0.0 Safari/537.36", "timestamp": "2025-10-04T19:37:20.450Z", "hash_chain": "3013666f4882c08231bad6a8056779a73bd10e9b9f3d019bb136de4ae176f904", "previous_hash": "e2c42aed249b3d06b6a1c487e547296fa72b80782496900efda193cfe9f2ef79"}}, {"model": "voting.auditlog", "pk": "e6802466-71bd-422a-a780-50839f26c32f", "fields": {"log_type": "voter_approved", "user": ["admin"], "election": null, "details": {"voter_id": "ABC1234567", "approved_voter_name": "Ketaki  Patil", "admin_id": 1}, "ip_address": "127.0.0.1", "user_agent": "Mozilla/5.0 (Windows NT 10.0; Win64; x64; rv:142.0) Gecko/20100101 Firefox/142.0", "timestamp": "2025-08-21T06:26:38.353Z", "hash_chain": "9ca71fd87e2453240eaa46955e37cc7deb36b09d13b2af6707b21e174861f822", "previous_hash": "851960a2285613fb16bb45ca8b0e96a960e35a0e7a71a6fb13f3050ae601dc7e"}}, {"model": "voting.auditlog", "pk": "e767ef39-f1af-41c5-93b4-b6172542f1bf", "fields": {"log_type": "voter_login", "user": ["ABC1234567"], "election": null, "details": {"voter_id": "ABC1234567"}, "ip_address": "127.0.0.1", "user_agent": "Mozilla/5.0 (Windows NT 10.0; Win64; x64; rv:142.0) Gecko/20100101 Firefox/142.0", "timestamp": "2025-08-29T15:41:43.412Z", "hash_chain": "ec80d2e79c8fff0b562c2e1cd1543ab982e4a618fd849e7330f32b90f965797d", "previous_hash": "902a9db6f6afb92ba68a71a4b7a1e209fb20f19894c5cdcfe042f27895d6ad69"}}, {"model": "voting.auditlog", "pk": "e923cd5d-63a4-4c17-acbd-6ad350bcbc31", "fields": {"log_type": "election_created", "user": ["admin"], "election": "425e2953-21a0-4675-88df-f6b460c40384", "details": {"election_name": "new real demo", "election_type": "State Assembly", "state": "Maharashtra", "lamport_timestamp": 1759606488297.3308, "replication_factor": 3, "consensus_threshold": 51}, "ip_address": "127.0.0.1", "user_agent": "Mozilla/5.0 (Windows NT 10.0; Win64; x64) AppleWebKit/537.36 (KHTML, like Gecko) Chrome/140.0.0.0 Safari/537.36", "timestamp": "2025-10-04T19:34:48.310Z", "hash_chain": "a66ba2a092c77d242ec86fafe6a425bb2360e2c36cd93bfa69b09b1b05d8b3a7", "previous_hash": "f998818b895e187f0159080acdda99a8354ad741d93678ae68be4c56867b5430"}}, {"model": "voting.auditlog", "pk": "ea7129ab-bde4-44a5-b553-0a2daf1c0d97", "fields": {"log_type": "user_logout", "user": ["ABC1234567"], "election": null, "details": {"user_role": "voter"}, "ip_address": "127.0.0.1", "user_agent": "Mozilla/5.0 (Windows NT 10.0; Win64; x64; rv:142.0) Gecko/20100101 Firefox/142.0", "timestamp": "2025-10-04T14:28:30.728Z", "hash_chain": "c2dced4dabd4484a12c9dd4b1c8a06c4ecf384069a3497960632f668b36f6934", "previous_hash": "b3ae30af8070c26751ae6657465c1aea69ff89babc315f85bc0bf2e43c537fa7"}}, {"model": "voting.auditlog", "pk": "eca96346-041b-498b-beac-3c534358fbae", "fields": {"log_type": "voter_login", "user": ["AKS1234567"], "election": null, "details": {"voter_id": "AKS1234567", "session_id": 21}, "ip_address": "127.0.0.1", "user_agent": "Mozilla/5.0 (Windows NT 10.0; Win64; x64) AppleWebKit/537.36 (KHTML, like Gecko) Chrome/140.0.0.0 Safari/537.36", "timestamp": "2025-10-04T19:17:43.498Z", "hash_chain": "b0808864766bb0b9883d2c07ea09392da15d16c216e4d9828b29c669ec209449", "previous_hash": "a65fbf9dba57ba8d08de70311604c0f75d134cb46f9a28ab51bcb775896e6e66"}}, {"model": "voting.auditlog", "pk": "ed7459d6-166e-4d0a-859c-6ebd78544019", "fields": {"log_type": "voter_login", "user": ["ABC1234567"], "election": null, "details": {"voter_id": "ABC1234567"}, "ip_address": "127.0.0.1", "user_agent": "Mozilla/5.0 (Windows NT 10.0; Win64; x64; rv:142.0) Gecko/20100101 Firefox/142.0", "timestamp": "2025-08-28T13:54:28.147Z", "hash_chain": "1eb3d16962b22334948175e0baa57987b339c758d14df2e8af345af0490cd0f7", "previous_hash": "76f19cecbbbf4a7b597206a4267bebf29ae9c4db38d648570dd2b36979a3734d"}}, {"model": "voting.auditlog", "pk": "f22937d1-95b9-429d-9f68-c9cb9eb03cdf", "fields": {"log_type": "user_logout", "user": ["admin"], "election": null, "details": {"user_role": "voter"}, "ip_address": "127.0.0.1", "user_agent": "Mozilla/5.0 (Windows NT 10.0; Win64; x64; rv:142.0) Gecko/20100101 Firefox/142.0", "timestamp": "2025-10-04T14:12:02.573Z", "hash_chain": "2a9ff7fd4bd34bf197b9dccc7540a957b2fcfb001c1484280df16300140cbd3c", "previous_hash": "ef364c908614ea043ab7e0401d20a1c7228686048c54769939990f6c14913b46"}}, {"model": "voting.auditlog", "pk": "f2de105e-9538-43fd-a408-f49abb7b1843", "fields": {"log_type": "user_logout", "user": ["admin"], "election": null, "details": {"user_role": "voter"}, "ip_address": "127.0.0.1", "user_agent": "Mozilla/5.0 (Windows NT 10.0; Win64; x64; rv:142.0) Gecko/20100101 Firefox/142.0", "timestamp": "2025-08-20T17:18:09.417Z", "hash_chain": "9787c33bf960e0bdd62292233a3fcaaed822cb11533efca28cce9feab64098f4", "previous_hash": "ee96e490f02cdf055add4b29ddc896c2894baddb76ade90928ddf77aa3d13a02"}}, {"model": "voting.auditlog", "pk": "f3b93aa0-e16d-4d09-ac75-88a9b9ae786b", "fields": {"log_type": "admin_action", "user": ["admin"], "election": null, "details": {"action": "admin_login", "admin_username": "admin"}, "ip_address": "127.0.0.1", "user_agent": "Mozilla/5.0 (Windows NT 10.0; Win64; x64; rv:142.0) Gecko/20100101 Firefox/142.0", "timestamp": "2025-10-04T19:10:44.882Z", "hash_chain": "e3a86a341085b1038989112fb56ed54c48ad1d05a1dddee8c6771aa849177391", "previous_hash": "dd0b017c7cc5964b2e019eb6e8920b48e634b2eba9349ada47d308cdf89701aa"}}, {"model": "voting.auditlog", "pk": "f4154e06-d0eb-4ac9-ae89-37a4936dd934", "fields": {"log_type": "voter_login", "user": ["ABC1234567"], "election": null, "details": {"voter_id": "ABC1234567"}, "ip_address": "127.0.0.1", "user_agent": "Mozilla/5.0 (Windows NT 10.0; Win64; x64; rv:142.0) Gecko/20100101 Firefox/142.0", "timestamp": "2025-08-29T18:06:49.210Z", "hash_chain": "ce31f27725797a76914973ccfe98f959b87508798672f05d5f1b707cc8f8bcab", "previous_hash": "cb02d2070daf1a6d5d7e4f17ab9cb5cb0d176d3ddf7f50abde0076c4f9f9863a"}}, {"model": "voting.auditlog", "pk": "f4c047fc-5cff-45db-96ea-7b67afb8a9ff", "fields": {"log_type": "voter_login", "user": ["ABC1234567"], "election": null, "details": {"voter_id": "ABC1234567"}, "ip_address": "127.0.0.1", "user_agent": "Mozilla/5.0 (Windows NT 10.0; Win64; x64; rv:142.0) Gecko/20100101 Firefox/142.0", "timestamp": "2025-08-29T18:32:40.497Z", "hash_chain": "18c28423e55c941087ae5f137f37771a656e79c37846a3c5d56374baa31f41a6", "previous_hash": "a230ee9c7860c1739e720de8891ed2fcbd4c237f82bcaa9e2d4009ef81bc793f"}}, {"model": "voting.auditlog", "pk": "f5c39d3b-06f9-4b4a-8313-bee66035ae1d", "fields": {"log_type": "voter_approved", "user": ["admin"], "election": null, "details": {"voter_id": "MOM1234567", "approved_voter_name": "Samiksha Amballa", "admin_id": 1}, "ip_address": "127.0.0.1", "user_agent": "Mozilla/5.0 (Windows NT 10.0; Win64; x64; rv:142.0) Gecko/20100101 Firefox/142.0", "timestamp": "2025-08-20T12:56:36.404Z", "hash_chain": "1bf623d35191107129f34b98a1bcacd0bd08fd3b9c971e2f8f8355b294c6f5d2", "previous_hash": "cb0dd811196cdbb8431758b95933328e73409d47279f60efaf2e0519392079d8"}}, {"model": "voting.auditlog", "pk": "f70feaaf-17f8-4144-80eb-a77776866cc3", "fields": {"log_type": "voter_login", "user": ["ABC1234567"], "election": null, "details": {"voter_id": "ABC1234567"}, "ip_address": "127.0.0.1", "user_agent": "Mozilla/5.0 (Windows NT 10.0; Win64; x64; rv:142.0) Gecko/20100101 Firefox/142.0", "timestamp": "2025-08-29T19:02:51.982Z", "hash_chain": "67bb55310e3a0c22826f088be7235618a27e9ee583bdcefa8ce6dc99e809b23a", "previous_hash": "428913025ca53278fd59462ce2bb2957672310218cd39cada18a82fc6d40bf8e"}}, {"model": "voting.auditlog", "pk": "f7579bf6-ed38-465d-beb8-282198fa7958", "fields": {"log_type": "admin_login", "user": ["admin"], "election": null, "details": {"admin_username": "admin"}, "ip_address": "127.0.0.1", "user_agent": "Mozilla/5.0 (Windows NT 10.0; Win64; x64; rv:142.0) Gecko/20100101 Firefox/142.0", "timestamp": "2025-09-01T17:42:46.877Z", "hash_chain": "dddd159429c90cf239472eeffc6e9c50b1bd66a5e7c7f3b8acefe81d21f0cc21", "previous_hash": "8d531f4d19bb385d11f3c77a04ec2ae8735bd1663f338275dcb5f902789b408c"}}, {"model": "voting.auditlog", "pk": "fdbe1bfd-9982-4a2f-9e0f-5538c7c1ac90", "fields": {"log_type": "admin_action", "user": ["admin"], "election": null, "details": {"action": "admin_login", "admin_username": "admin"}, "ip_address": "127.0.0.1", "user_agent": "Mozilla/5.0 (Windows NT 10.0; Win64; x64; rv:142.0) Gecko/20100101 Firefox/142.0", "timestamp": "2025-10-04T14:18:10.608Z", "hash_chain": "f9519957a02efba0de7ad9037eddb2b6db5d661fadbe68ae25ca2e874d3a071a", "previous_hash": "a7e33b5130de99636296b4f83607a122747255f45b4f894eb8106ea933533088"}}, {"model": "voting.auditlog", "pk": "febd5b2c-320a-42cb-abb2-376fe1830b13", "fields": {"log_type": "candidate_added", "user": ["admin"], "election": "224c6310-c935-4aa2-a9bd-8dabca755e54", "details": {"candidate_name": "Priya Sharma", "party": "Congress", "constituency": "Ward 25", "action": "linked existing candidate"}, "ip_address": "127.0.0.1", "user_agent": "Mozilla/5.0 (Windows NT 10.0; Win64; x64; rv:142.0) Gecko/20100101 Firefox/142.0", "timestamp": "2025-10-04T18:59:43.179Z", "hash_chain": "46974b9767b75975edc4ce1ccf0440e0e781be00c14a668640a742f709a3fc94", "previous_hash": "4ed4f82c67aa30f2cc6135b3e1388df0fd9679177059e9c4e163b60f7b4c0b0e"}}, {"model": "voting.votersession", "pk": 1, "fields": {"voter": 2, "session_key": "xjuk1fnyk2zpwkj9ymzk51c77frp17fo", "ip_address": "127.0.0.1", "user_agent": "Mozilla/5.0 (Windows NT 10.0; Win64; x64; rv:142.0) Gecko/20100101 Firefox/142.0", "created_at": "2025-08-20T12:47:16.203Z", "last_activity": "2025-08-20T12:47:16.203Z", "is_active": true, "device_fingerprint": "15ccb42d8071756c99f56346485c38e4", "location_hash": ""}}, {"model": "voting.votersession", "pk": 2, "fields": {"voter": 5, "session_key": "15xvqepmpb5w6df5th4sz1uh6ebbq11b", "ip_address": "127.0.0.1", "user_agent": "Mozilla/5.0 (Windows NT 10.0; Win64; x64; rv:142.0) Gecko/20100101 Firefox/142.0", "created_at": "2025-08-20T12:57:10.426Z", "last_activity": "2025-08-20T12:57:10.426Z", "is_active": true, "device_fingerprint": "15ccb42d8071756c99f56346485c38e4", "location_hash": ""}}, {"model": "voting.votersession", "pk": 3, "fields": {"voter": 2, "session_key": "cyzw712roylz763cymen0te0mok1fmz1", "ip_address": "127.0.0.1", "user_agent": "Mozilla/5.0 (Windows NT 10.0; Win64; x64; rv:142.0) Gecko/20100101 Firefox/142.0", "created_at": "2025-08-20T15:58:39.083Z", "last_activity": "2025-08-20T15:58:39.083Z", "is_active": false, "device_fingerprint": "15ccb42d8071756c99f56346485c38e4", "location_hash": ""}}, {"model": "voting.votersession", "pk": 4, "fields": {"voter": 5, "session_key": "zpos14ys80xuiuq4kbntqeeevxsbguzt", "ip_address": "127.0.0.1", "user_agent": "Mozilla/5.0 (Windows NT 10.0; Win64; x64; rv:142.0) Gecko/20100101 Firefox/142.0", "created_at": "2025-08-20T16:13:03.260Z", "last_activity": "2025-08-20T16:13:03.260Z", "is_active": false, "device_fingerprint": "15ccb42d8071756c99f56346485c38e4", "location_hash": ""}}, {"model": "voting.votersession", "pk": 5, "fields": {"voter": 2, "session_key": "jmlq2awbqboojdalf8i5gfjtcrpwogts", "ip_address": "127.0.0.1", "user_agent": "Mozilla/5.0 (Windows NT 10.0; Win64; x64; rv:142.0) Gecko/20100101 Firefox/142.0", "created_at": "2025-08-20T16:14:00.857Z", "last_activity": "2025-08-20T16:14:00.857Z", "is_active": false, "device_fingerprint": "15ccb42d8071756c99f56346485c38e4", "location_hash": ""}}, {"model": "voting.votersession", "pk": 6, "fields": {"voter": 2, "session_key": "ai1uq7pb7zdttptesbfovow7j4zqwxck", "ip_address": "127.0.0.1", "user_agent": "Mozilla/5.0 (Windows NT 10.0; Win64; x64; rv:142.0) Gecko/20100101 Firefox/142.0", "created_at": "2025-08-20T16:17:02.848Z", "last_activity": "2025-08-20T16:17:02.848Z", "is_active": true, "device_fingerprint": "15ccb42d8071756c99f56346485c38e4", "location_hash": ""}}, {"model": "voting.votersession", "pk": 7, "fields": {"voter": 2, "session_key": "j7fz9p6q0ujxkb1v6cn3c65weaxpjm7w", "ip_address": "127.0.0.1", "user_agent": "Mozilla/5.0 (Windows NT 10.0; Win64; x64; rv:142.0) Gecko/20100101 Firefox/142.0", "created_at": "2025-08-20T17:18:56.102Z", "last_activity": "2025-08-20T17:18:56.102Z", "is_active": false, "device_fingerprint": "15ccb42d8071756c99f56346485c38e4", "location_hash": ""}}, {"model": "voting.votersession", "pk": 8, "fields": {"voter": 2, "session_key": "9uk92t7vmbl577vwthofnqzxmu7suk0u", "ip_address": "127.0.0.1", "user_agent": "Mozilla/5.0 (Windows NT 10.0; Win64; x64; rv:142.0) Gecko/20100101 Firefox/142.0", "created_at": "2025-08-20T17:24:06.445Z", "last_activity": "2025-08-20T17:24:06.445Z", "is_active": true, "device_fingerprint": "15ccb42d8071756c99f56346485c38e4", "location_hash": ""}}, {"model": "voting.votersession", "pk": 9, "fields": {"voter": 5, "session_key": "bzh4v3kbhfn7srhp1hbw7owz0o3243s3", "ip_address": "127.0.0.1", "user_agent": "Mozilla/5.0 (Windows NT 10.0; Win64; x64; rv:142.0) Gecko/20100101 Firefox/142.0", "created_at": "2025-08-20T18:18:19.432Z", "last_activity": "2025-08-20T18:18:19.432Z", "is_active": true, "device_fingerprint": "15ccb42d8071756c99f56346485c38e4", "location_hash": ""}}, {"model": "voting.votersession", "pk": 10, "fields": {"voter": 2, "session_key": "xtyp3h8haftut6pgnyftgc2ce20ybk8f", "ip_address": "127.0.0.1", "user_agent": "Mozilla/5.0 (Windows NT 10.0; Win64; x64; rv:142.0) Gecko/20100101 Firefox/142.0", "created_at": "2025-08-20T18:22:55.628Z", "last_activity": "2025-08-20T18:22:55.628Z", "is_active": true, "device_fingerprint": "15ccb42d8071756c99f56346485c38e4", "location_hash": ""}}, {"model": "voting.votersession", "pk": 11, "fields": {"voter": 2, "session_key": "dw6c30u6uo402kydtt5gg6xwo5izevhy", "ip_address": "127.0.0.1", "user_agent": "Mozilla/5.0 (Windows NT 10.0; Win64; x64; rv:142.0) Gecko/20100101 Firefox/142.0", "created_at": "2025-08-20T19:05:52.837Z", "last_activity": "2025-08-20T19:05:52.837Z", "is_active": true, "device_fingerprint": "15ccb42d8071756c99f56346485c38e4", "location_hash": ""}}, {"model": "voting.votersession", "pk": 12, "fields": {"voter": 6, "session_key": "gp8cwaywk0ufeml9enise75yza6ha17v", "ip_address": "127.0.0.1", "user_agent": "Mozilla/5.0 (Windows NT 10.0; Win64; x64; rv:142.0) Gecko/20100101 Firefox/142.0", "created_at": "2025-09-25T07:00:54.373Z", "last_activity": "2025-09-25T07:01:43.289Z", "is_active": false, "device_fingerprint": "dab8e5a11388a82a73864718098bb87f", "location_hash": ""}}, {"model": "voting.votersession", "pk": 13, "fields": {"voter": 6, "session_key": "x3pkk3nj6ne13mcktws31qyj7zsuf6xv", "ip_address": "127.0.0.1", "user_agent": "Mozilla/5.0 (Windows NT 10.0; Win64; x64; rv:142.0) Gecko/20100101 Firefox/142.0", "created_at": "2025-09-25T07:02:20.645Z", "last_activity": "2025-09-25T07:04:17.222Z", "is_active": false, "device_fingerprint": "dab8e5a11388a82a73864718098bb87f", "location_hash": ""}}, {"model": "voting.votersession", "pk": 14, "fields": {"voter": 6, "session_key": "bqx9ttyb4j3h7t7as6y9ulyg3x006mof", "ip_address": "127.0.0.1", "user_agent": "Mozilla/5.0 (Windows NT 10.0; Win64; x64; rv:142.0) Gecko/20100101 Firefox/142.0", "created_at": "2025-10-04T14:17:29.672Z", "last_activity": "2025-10-04T14:17:52.565Z", "is_active": false, "device_fingerprint": "dab8e5a11388a82a73864718098bb87f", "location_hash": ""}}, {"model": "voting.votersession", "pk": 15, "fields": {"voter": 6, "session_key": "q7eknl37o9b33c5ac8mte421np3mp5pw", "ip_address": "127.0.0.1", "user_agent": "Mozilla/5.0 (Windows NT 10.0; Win64; x64; rv:142.0) Gecko/20100101 Firefox/142.0", "created_at": "2025-10-04T14:19:38.341Z", "last_activity": "2025-10-04T14:28:30.742Z", "is_active": false, "device_fingerprint": "dab8e5a11388a82a73864718098bb87f", "location_hash": ""}}, {"model": "voting.votersession", "pk": 16, "fields": {"voter": 6, "session_key": "se0z40ja5kkfny6ljg73viq4lwrpmcps", "ip_address": "127.0.0.1", "user_agent": "Mozilla/5.0 (Windows NT 10.0; Win64; x64; rv:142.0) Gecko/20100101 Firefox/142.0", "created_at": "2025-10-04T14:29:49.475Z", "last_activity": "2025-10-04T14:30:12.870Z", "is_active": false, "device_fingerprint": "dab8e5a11388a82a73864718098bb87f", "location_hash": ""}}, {"model": "voting.votersession", "pk": 17, "fields": {"voter": 6, "session_key": "feewe5visyus8drd9fy8c577muedsj5i", "ip_address": "127.0.0.1", "user_agent": "Mozilla/5.0 (Windows NT 10.0; Win64; x64; rv:142.0) Gecko/20100101 Firefox/142.0", "created_at": "2025-10-04T14:38:43.991Z", "last_activity": "2025-10-04T14:39:06.138Z", "is_active": false, "device_fingerprint": "dab8e5a11388a82a73864718098bb87f", "location_hash": ""}}, {"model": "voting.votersession", "pk": 18, "fields": {"voter": 6, "session_key": "h24qk44mfzngicsembe39tivczlqpcbn", "ip_address": "127.0.0.1", "user_agent": "Mozilla/5.0 (Windows NT 10.0; Win64; x64; rv:142.0) Gecko/20100101 Firefox/142.0", "created_at": "2025-10-04T19:02:07.001Z", "last_activity": "2025-10-04T19:02:07.001Z", "is_active": true, "device_fingerprint": "dab8e5a11388a82a73864718098bb87f", "location_hash": ""}}, {"model": "voting.votersession", "pk": 19, "fields": {"voter": 2, "session_key": "0us8sf6b4meztis6cv63k7i04ui9ey4y", "ip_address": "127.0.0.1", "user_agent": "Mozilla/5.0 (Windows NT 10.0; Win64; x64; rv:142.0) Gecko/20100101 Firefox/142.0", "created_at": "2025-10-04T19:09:58.826Z", "last_activity": "2025-10-04T19:10:19.519Z", "is_active": false, "device_fingerprint": "dab8e5a11388a82a73864718098bb87f", "location_hash": ""}}, {"model": "voting.votersession", "pk": 20, "fields": {"voter": 6, "session_key": "o1h7f84y26x6apxxskx54ywcssjqd329", "ip_address": "127.0.0.1", "user_agent": "Mozilla/5.0 (Windows NT 10.0; Win64; x64; rv:142.0) Gecko/20100101 Firefox/142.0", "created_at": "2025-10-04T19:11:51.432Z", "last_activity": "2025-10-04T19:15:04.898Z", "is_active": false, "device_fingerprint": "dab8e5a11388a82a73864718098bb87f", "location_hash": ""}}, {"model": "voting.votersession", "pk": 21, "fields": {"voter": 2, "session_key": "foozk5o3i3y82d6edu6cahaai8nye3ks", "ip_address": "127.0.0.1", "user_agent": "Mozilla/5.0 (Windows NT 10.0; Win64; x64) AppleWebKit/537.36 (KHTML, like Gecko) Chrome/140.0.0.0 Safari/537.36", "created_at": "2025-10-04T19:17:43.490Z", "last_activity": "2025-10-04T19:32:37.870Z", "is_active": false, "device_fingerprint": "a3f57bbe21c4e30379228ad7788f224d", "location_hash": ""}}, {"model": "voting.votersession", "pk": 22, "fields": {"voter": 2, "session_key": "x8zh5qz0dud3u9ti6wka0pnn80qv2xps", "ip_address": "127.0.0.1", "user_agent": "Mozilla/5.0 (Windows NT 10.0; Win64; x64) AppleWebKit/537.36 (KHTML, like Gecko) Chrome/140.0.0.0 Safari/537.36", "created_at": "2025-10-04T19:36:51.793Z", "last_activity": "2025-10-04T19:37:40.762Z", "is_active": false, "device_fingerprint": "a3f57bbe21c4e30379228ad7788f224d", "location_hash": ""}}]
